Service Name;Service Link;Description;Short Description;Other Links;Date;Mini Description
Abandoned vehicles;https://www.espoo.fi/en/services/abandoned-vehicles;"Vehicles abandoned in a private property may be reported to Customer Service of Urban Environment Sector.

Vehicles abandoned may be reported to the Customer Service of Urban Environment Sector tel. 09 8162 5100 Monday to Friday.  

Abandoned vehicles will be transferred to the vehicle depot of the city. If the vehicle has burnt up or it is a danger to the environment or people, the city will tow the vehicle directly to a treatment facility.";Vehicles abandoned in a private property may be reported to Customer Service of Urban Environment Sector.;Urban Environment Customer Service: https://www.espoo.fi/en/units/63749;13.10.2025;This service lets residents report abandoned vehicles on private property to the Urban Environment Sector, which will arrange removal by transferring the vehicle to the city depot or towing it to a treatment facility if it is burnt or hazardous.
Abandoned vehicles in the area of a property;https://www.espoo.fi/en/services/abandoned-vehicles-area-property;"The city may move a vehicle abandoned in a private area. 

A property owner may report a car parked in the area of the property to the Urban Environment Customer Service. A vehicle parked incorrectly on private property can be towed upon a justified request by the landowner or holder.

Call Urban Environment Customer Service: 09 8162 5100 Mon-Fri 10-15.30 or send an e-mail: asy@espoo.fi 
";The city may move a vehicle abandoned in a private area.;Urban Environment Customer Service: https://www.espoo.fi/en/units/63749;13.10.2025;Property owners can report abandoned or improperly parked vehicles on private property to the Urban Environment Customer Service, and the city may tow them upon a justified request.
Address numbering;https://www.espoo.fi/en/services/address-numbering;"  

The new detailed plan may change street names. The new names will be adopted as the implementation of the detailed plan progresses in the area. Landowners will be informed in writing of any changes in the street name or address number. The city will also inform the postal service, the Digital and Population Data Services Agency and the Rescue Department about the address change.  

When the new address enters into force, the owner/holder of the built plot must place the address number plate in a place on the plot from where it is clearly visible from the street.
 
Address enquiries email: osoitenumerointi@espoo.fi ";The new detailed plan may change street names. The new names will be adopted as the implementation of the detailed plan progresses in the area.;City Surveying services: https://www.espoo.fi/en/unit/21972;13.10.2025;This service manages updates to street names and property address numbers as part of a detailed city plan, informs landowners and authorities of changes, and requires the new address numbers to be clearly displayed.
Advertising in street areas;https://www.espoo.fi/en/services/advertising-street-areas;"The city has both long-term and short-term contracts with companies that advertise in street areas. The advertisements are mostly at bus stops and lamp posts.    

Temporary advertisement spots 
Bridge rails and other structures that do not compromise traffic or general safety as well as public areas can be rented as advertising spots for up to two weeks.        

Bridge banners
It is possible to apply for a temporary advertising permit (also for commercial purposes) for bridge railings (13 locations) for up to two weeks. Political advertisements on bridge banners are not permitted. Advertising spots are available on the railings of the following bridges:

1 Lintulaaksontie northern/ Lintulaaksonsilta bridge
2 Lintulaaksontie southern/ Pikkulinnunsilta bridge
3 Viherlaaksontie/Shopping centre
4 Espoonväylä/Kiltakuja
5 Merituulentie/Koulusilta bridge
6 Nöykkiönkatu/Vehaksensilta bridge
7 Olarinkatu/Meteorinranta
8 Kuitinmäentie/Piispansilta bridge
9 Martinsillantie/Tukkurinsilta bridge
10 Matinkatu/Shopping centre
11 Soukantie/Shopping centre
12 Soukantie/Kastevuorenraitti
13 Alakartanontie/Kastevuorenkuja

The advertiser is responsible for commissioning the bridge banners and installing them.

Prices of temporary advertisements
A. No fee is charged for advertising events for the public good. These include:

Events for the public good that are open to all, free of charge, and organized by the city, organizations, associations, educational institutes, and day-care centers
time slots of sports clubs and organizations in park fields
granting small-scale, temporary traffic arrangements due to family events and similar if they do not cause a need for inspection visits
cleaning and environmental work parties
events related to general elections during the election advertisement period
work, exercises, or events of the defense forces, police or rescue department, etc.
research and work projects of the ministries and state-owned institutions
work related to the city's units
an ice cream van or similar mobile sales stand or point making a quick stop in the area
B. Community advertisements: €15 + VAT (24%)/day (sporting events, cultural events)

C. Business advertisements: €60 + VAT (24%)/day

Event signage
A permit can be applied for the signage of an event (e.g. a sporting or cultural event, shop opening, or some other similar public event or celebration). The maximum number of advertisements awarded for one permit application is 30 and they are meant to be placed within a restricted area (e.g. city district) to serve as signage for a single event. 

An event signage permit costs €60 + VAT (24%)/2 days. The city monitors the appropriateness of the advertisements and is entitled to remove unauthorised advertisements from the street areas and to charge for the resulting costs.

Apply for a permit electronically via the Electronic services for construction and land use (in Finnish). You can find the correct permit application under Yleisten alueiden luvat (public area permits) in Mainoslupa (advertisement permit).";The city has both long-term and short-term contracts with companies that advertise in street areas. The advertisements are mostly at bus stops and lamp posts.;Urban Environment Customer Service: https://www.espoo.fi/en/unit/63749;13.10.2025;This service provides permits and manages street-area advertising (temporary and event-based) at locations such as bus stops and bridge railings, with defined pricing and an online application process.
Advice and support during changes and dismissal;https://www.espoo.fi/en/services/advice-and-support-during-changes-and-dismissal;"Employees and employers receive advice and support from the Employment Services when an employment relationship is changed or terminated.

The Employment Services gives employees and employers advice and support when an employment relationship is changed or terminated. 

The Employment Services helps laid-off and dismissed employees find new work or training in cooperation with employer representatives and staff or their representatives.";Employees and employers receive advice and support from the Employment Services when an employment relationship is changed or terminated.;"Espoo Employment Services, office in Sello: https://www.espoo.fi/en/unit/76109; Espoo Employment Services, Piispanportti office: https://www.espoo.fi/en/unit/63889";13.10.2025;Provides guidance and assistance to employees and employers during changes or termination of an employment relationship, including helping laid-off workers find new work or training.
Advice to jobseekers;https://www.espoo.fi/en/services/advice-jobseekers;"By registering yourself as a jobseeker, you become a customer of the employment services and you can start job seeking.


You will receive job search counselling and guidance when you register as a jobseeker in the employment services of your region. As a jobseeker, you can apply for unemployment benefit from Kela or your unemployment fund. The employment authority issues a statement on the matter to Kela or the unemployment fund.

The employment authority will advise and guide you in applying for work and selecting the right services. Your employment will be supported through an initial interview, an employment plan and job search discussions.

Once you have registered as a jobseeker, the employment authority will arrange an initial interview with you within five working days. In the interview, you and an expert will discuss what kind of jobs you could apply for or whether you need to acquire training or change fields. The employment authority will also draw up an employment plan with you.

During job search discussions, you will be in regular contact with the employment authority in your area. Between the discussions, you apply for work independently or participate in services promoting employment in accordance with the employment plan.";"By registering yourself as a jobseeker, you become a customer of the employment services and you can start job seeking.
";"Employment Espoo Information Point: https://www.espoo.fi/en/unit/64618; Espoo Employment Services, office in Sello: https://www.espoo.fi/en/unit/76109; Espoo Employment Services, Piispanportti office: https://www.espoo.fi/en/unit/63889";13.10.2025;This service provides registered jobseekers with personalized counselling, an employment plan, and ongoing support to find work and manage unemployment benefit applications.
Afternoon activities and care for pupils;https://www.espoo.fi/en/childcare-and-education/basic-education/studying-comprehensive-school/afternoon-activities-and-care-pupils;"Espoo organises afternoon activities for pupils in grades 1-2 and for pupils requiring special support after the school day.

Espoo organises afternoon activities for pupils in grades 1-2 and for pupils requiring learning and school attendance support after the school day. Afternoon group activities in schools are organised by schools, organisations and private service providers. Afternoon activities are recreational activities organized in groups of 15 children, where one adult supervises the group. In addition to guided activities, the children can focus on their own playing. The afternoons are spent both indoors and outdoors. The children participating in the afternoon activities are insured and covered by the personal accident insurance of the city. Afternoon activities of basic education are subject to a fee. Based on the income of the family, it is possible to apply for a payment relief or remission for the service. Applying for afternoon activities of schools is done for one school year at a time. Activities are not organised during school holidays or school Saturdays. Afternoon activities of basic education are organised in 62 locations.";Espoo organises afternoon activities for pupils in grades 1-2 and for pupils requiring special support after the school day.;"Auroran koulu: https://www.espoo.fi/en/unit/15345; Finno skola: https://www.espoo.fi/en/unit/15413; Karakallio residents' park: https://www.espoo.fi/en/unit/20324; Karamalmens skola: https://www.espoo.fi/en/unit/15358; Kivenlahti residents' park: https://www.espoo.fi/en/unit/20348; Kungsgårdsskolan: https://www.espoo.fi/en/unit/15378; Lagstads skola: https://www.espoo.fi/en/unit/15370; Leppävaara residents' park: https://www.espoo.fi/en/unit/20325; Mankkaa residents' park: https://www.espoo.fi/en/unit/20236; Matinkylä residents' park: https://www.espoo.fi/en/unit/20267; Mattlidens skola: https://www.espoo.fi/en/unit/15308; Olari residents' park: https://www.espoo.fi/en/unit/20268; Perkkaa residents' park: https://www.espoo.fi/en/unit/20326; Pisa residents' park: https://www.espoo.fi/en/unit/20352; Rödskogs skola: https://www.espoo.fi/en/unit/55965; Smedsby skola: https://www.espoo.fi/en/unit/15306; Tapiola residents' park: https://www.espoo.fi/en/unit/20235; Viherkallio residents' park: https://www.espoo.fi/en/unit/20327; Vindängens skola: https://www.espoo.fi/en/unit/15409";13.10.2025;Espoo provides after-school care and recreational activities for pupils in grades 1–2 and others needing learning and school attendance support, organized in groups with one supervisor indoors and outdoors, insured by the city at 62 locations for the school year, with a fee and possible income-based relief, and not offered during school holidays or Saturdays.
Allotments;https://www.espoo.fi/en/services/allotments;"Residents can lease parcels to cultivate in allotments all over Espoo. A rent must be paid in advance in the spring. A tenant has preference to the same parcel next year. That means you can grow perennials.

The rental includes the use of irrigation water (only connected in the summertime). The tenant is in charge of soil enrichment etc. 

Weather conditions affect the availability of seasonal water. 

More info: vipa@espoo.fi or call Monday to Friday between 9-14: +358 40 639 3961
";Residents can lease parcels to cultivate in allotments all over Espoo.;"Finnoo A allotment: https://www.espoo.fi/en/unit/27555; Finnoo B allotment: https://www.espoo.fi/en/unit/61832; Finnoo C allotment: https://www.espoo.fi/en/unit/61833; Järveperä allotment: https://www.espoo.fi/en/unit/27549; Jousenkaari allotment: https://www.espoo.fi/en/unit/61830; Kaitaa allotment: https://www.espoo.fi/en/unit/27551; Kauklahti allotment: https://www.espoo.fi/en/unit/27552; Koivu-Mankkaa allotment: https://www.espoo.fi/en/unit/27554; Latokaski allotment: https://www.espoo.fi/en/unit/27553; Leppäsilta allotment: https://www.espoo.fi/en/unit/27547; Rastaala allotment C: https://www.espoo.fi/en/unit/27548; Rastaala B allotment: https://www.espoo.fi/en/unit/61831; Silkkiniitty allotment: https://www.espoo.fi/en/unit/27557; Tuomarila allotment: https://www.espoo.fi/en/unit/27550; Feedback: https://easiointi.espoo.fi/eFeedback/en; Allotment garden plot rules  : https://static.espoo.fi/cdn/ff/rWpHO4pECFFBE-V2mjKswEm2IsQbGMCNaClNKfIOzEY/1642053257/public/2022-01/VIPA_s%C3%A4%C3%A4nn%C3%B6t%202022_EN.pdf; Allotment cultivation info : https://static.espoo.fi/cdn/ff/8ytQz61jzT4G8cGlPGqmeAR0iLLUqLwhqVvsHcy-sko/1642053668/public/2022-01/Info%20palstaviljelij%C3%B6ille_EN.pdf; Report a problem: https://easiointi.espoo.fi/eFeedback/en/Feedback/31-Vikailmoitukset";13.10.2025;Residents in Espoo can lease allotment plots for cultivation, paying rent in advance in spring, with summer irrigation water included, renewal priority on the same plot next year, and the tenant responsible for soil enrichment.
Animal welfare;https://www.espoo.fi/en/sports-and-nature/animals/animal-welfare;"Laws have been made to promote animal welfare and to protect animals from harm in the best possible way. The purpose of the legislation is also to ensure that people respect animals and treat them well.

If you suspect that an animal is being treated in a way that is against animal welfare legislation, you should contact the animal welfare authority. In Espoo, Kauniainen and Kirkkonummi, the unit responsible for animal welfare tasks is Espoo Region Environmental Health Services.
";In Espoo, Kauniainen and Kirkkonummi, the unit responsible for animal welfare tasks is Espoo Region Environmental Health Services.;"City of Espoo veterinarians' office: https://www.espoo.fi/en/unit/64065; Stray animals: https://www.espoo.fi/en/sports-and-nature/animals/stray-animals; Import and export of animals: https://www.espoo.fi/en/sports-and-nature/animals/import-and-export-animals; City of Espoo veterinarians: https://www.espoo.fi/en/sports-and-nature/animals/city-espoo-veterinarians";13.10.2025;Enforces animal welfare laws to protect animals from harm and ensure humane treatment, with complaints handled by the Espoo Region Environmental Health Services in Espoo, Kauniainen, and Kirkkonummi.
Announcements;https://www.espoo.fi/en/services/announcements;"Official notifications and announcements of the city of Espoo are published at espoo.fi. 


In addition to the noticeboard for public announcements, notifications and announcements are published electronically on the Espoo website in Finnish and Swedish. The notifications and announcements are also published in the mass media if required by law or if otherwise necessary.";"Official notifications and announcements of the city of Espoo are published at espoo.fi. 
";"Read announcements (in Swedish): https://www.espoo.fi/sv/sok?q=kung%C3%B6relser&type=article&sort=publishedTime-desc; Read announcements (in Finnish): https://www.espoo.fi/fi/haku?q=kuulutu&sort=publishedTime-desc";13.10.2025;Official City of Espoo notifications and announcements published on espoo.fi (in Finnish and Swedish), with publication in the mass media when required by law.
Applying for construction and operation permissions;https://www.espoo.fi/en/services/applying-construction-and-operation-permissions;"The Espoo Building Control Department grants the permissions needed for construction and renovation of buildings and structures. Building Control also grants permissions for landscape work and demolition. It is recommended to apply for the permissions through electronic customer service. Building Control organises pre-negotiations before applying for the permission.

Construction generally requires a building permit or another approval by an authority. The extension of a building, significant repairs and alterations and a change of purpose also require a building or operation permit. The issue is stipulated in the Land Use and Building Act. The municipality's Building Code may also define which operations are subject to permission or declaration.

The qualification of the designers of a construction project is stipulated by law. The permission procedure also includes notifying the neighbours and/or obtaining their permission. Construction may not be started until the permission decision is legally valid.";The Espoo Building Control Department grants the permissions needed for construction and renovation of buildings and structures. Building Control also grants permissions for landscape work and demolition. It is recommended to apply for the permissions through electronic customer service. Building Control organises pre-negotiations before applying for the permission.;Espoo Building Control: https://www.espoo.fi/en/unit/21970;13.10.2025;This service handles applications and approvals for construction, renovation, demolition, and landscape work, including pre-negotiations and neighbour notification, and ensures the permit is legally valid before work can begin.
Applying for exemption from wastewater system renovation;https://www.espoo.fi/en/services/applying-exemption-wastewater-system-renovation;You can apply for an exemption from the deadline for renovating your property-specific wastewater system. An exemption only needs to be applied for if the system does not comply with the requirements of the Environmental Protection Act and the building is located less than 100 metres from a water system or in an important groundwater area. In other areas, there is no need to renovate the wastewater system until a flush toilet is built or a full renovation is made.;You can apply for an exemption from the deadline for renovating your property-specific wastewater system.;"Environmental protection services: https://www.espoo.fi/en/unit/66794; Environmental supervision: https://www.espoo.fi/fi/asuminen-ja-rakentaminen/ymparistonsuojelu/ymparistovalvonta/ymparistovalvonnan-luvat-ilmoitukset-ja-rekisterointi#section-15217";13.10.2025;"This service lets property owners apply for an exemption from wastewater system renovation deadlines when the system is non-compliant and the building is within 100 meters of a water system or in an important groundwater area; in other areas, renovation can be postponed until a flush toilet is installed or a full renovation is carried out."
Approving a supervisor in charge;https://www.espoo.fi/en/services/approving-supervisor-charge;The supervisor in charge of a construction project must be approved by Building Control. The party launching the project announces the supervisor in charge with a form that indicates the qualification of the supervisor. The permit engineer of the Building Control technical unit inspects the qualifications of supervisors.;The supervisor in charge of a construction project must be approved by Building Control.;Espoo Building Control: https://www.espoo.fi/en/unit/21970;13.10.2025;This service approves the supervisor in charge of a construction project by reviewing and validating the supervisor’s qualifications submitted to Building Control.
Artificial ice rinks;https://www.espoo.fi/en/sports-and-nature/outdoor-exercise-facilities/artificial-ice-rinks;Espoo's ice rinks are available free of charge to anyone wanting to skate or play ice hockey or bandy. The rinks vary in size, and some of them have different hours for ice skaters and players. Visit the ulkoliikunta.fi website to check the condition of Espoo's ice rinks. The website contains information on the location of the rinks, changing rooms, maintenance times and opening hours.;Espoo's ice rinks are available free of charge to anyone wanting to skate or play ice hockey or bandy.;"Espoonlahti Sports park / Artificial ice field: https://www.espoo.fi/en/unit/50568; Juvanpuisto School / Artificial ice rink: https://www.espoo.fi/en/unit/39370; Keski-Espoo Sports Park / Artificial ice rink: https://www.espoo.fi/en/unit/53524; Laaksolahti Sports Park / Artificial ice rink, inline hockey rink: https://www.espoo.fi/en/unit/63147; Matinkylä Sports Park / Artificial ice field: https://www.espoo.fi/en/unit/67841; Otaniemi Sports Park / artificial ice rink: https://www.espoo.fi/en/unit/39563; Perkkaa artificial ice rink: https://www.espoo.fi/en/unit/68916; Puolarmaari artificial ice rink: https://www.espoo.fi/en/unit/63148; Säterinniitty field / Artificial ice rink: https://www.espoo.fi/en/unit/53615; Tapiola Ice Garden: https://www.espoo.fi/en/unit/39834; Tapionkenttä / Artificial ice rink: https://www.espoo.fi/en/unit/53563";13.10.2025;Espoo's artificial ice rinks provide free public ice skating, ice hockey and bandy, with rinks of varying sizes and hours, and detailed location and opening-time information on ulkoliikunta.fi.
Ask the museum;https://www.espoo.fi/en/services/ask-museum;"Researchers at the City Museum are happy to answer your questions about the history of Espoo. You can send your question to kaupunginmuseo(at)espoo.fi

What was there in the area of Espoo 6,000 years ago? Where was the oldest manor in Espoo located? What is the story of Mankby? Where was the Espoo hypermarket located? Researchers at the City Museum are happy to answer your questions about the history of Espoo. You can send your own question, or you can explore the history of Espoo at the exhibition A Thousand Stories about Espoo.

The information search for brief questions is free. Wider questions are separately negotiated.";Researchers at the City Museum are happy to answer your questions about the history of Espoo. You can send your question to kaupunginmuseo(at)espoo.fi;KAMU Espoo City Museum: https://www.espoo.fi/en/unit/20405;13.10.2025;"Ask the museum is a service where City Museum researchers answer questions about Espoo's history by email, with free brief inquiries and negotiated terms for broader questions, plus access to the ""A Thousand Stories about Espoo"" exhibition."
Assessment of the qualification of designers;https://www.espoo.fi/en/services/assessment-qualification-designers;"A qualified designer in a construction project has completed sufficient studies and has experience of comparable tasks. Building Control assesses the qualification of the designer for each construction project individually.

The designers are presented to Building Control in connection with submitting the permit application at the latest.";A qualified designer in a construction project has completed sufficient studies and has experience of comparable tasks. Building Control assesses the qualification of the designer for each construction project individually.;Espoo Building Control: https://www.espoo.fi/en/unit/21970;13.10.2025;Building Control assesses and verifies each designer’s qualifications for a construction project based on education and relevant experience, with designer submissions required no later than the permit application.
Audience outreach work;https://www.espoo.fi/en/services/audience-outreach-work;"Through its audience outreach work, the Tapiola Sinfonietta provides musical encounters and experiences free of charge for people not reached by the orchestra's public concerts. This work addresses all age groups and social groups. 
Small ensembles of the Tapiola Sinfonietta perform at dozens of public venues of the City of Espoo each year, such as child care clinics, schools and hospitals. There are also interactive concerts for the orchestra's 'godchildren' and for schoolchildren. 
Concerts organised along the KULPS! Culture and Sports Path reach schoolchildren in grades 1 to 9 at Espoo schools every year. The orchestra is also involved in services of the City of Espoo such as the Culture Clinic, the Culture Chain and Culture Buddy programmes, and in the national Echo Card service.
The Tapiola Sinfonietta performs at city events in Espoo, and public events free of charge are often held in connection with concerts.
Seven of the members of the orchestra have trained as hospital musicians, and our community musician works with special needs groups and the elderly.
";"Small ensembles of the Tapiola Sinfonietta perform at dozens of public venues of the City of Espoo each year, such as child care clinics, schools and hospitals. There are also interactive concerts for the orchestra's 'godchildren' and for schoolchildren. 
";"Espoo Cultural Centre: https://www.espoo.fi/en/unit/20402; Tapiola Sinfonietta: https://www.espoo.fi/en/unit/20414; Audience outreach work: https://www.espoo.fi/en/tapiola-sinfonietta/audience-outreach";13.10.2025;Audience Outreach Work delivers free, accessible musical encounters to diverse Espoo communities by performing small-ensemble and interactive concerts at clinics, schools, hospitals, and public venues, reaching audiences not served by the orchestra’s regular concerts.
Basic education;https://www.espoo.fi/en/services/basic-education;All children and young people under the compulsory school age living in Espoo have the right to participate in basic education organised by the city. Education is provided in grades 1-9. In comprehensive school, the pupil completes compulsory education and receives a certificate that provides eligibility for further studies.;All children and young people under the compulsory school age living in Espoo have the right to participate in basic education organised by the city.;"Aarnivalkean koulu: https://www.espoo.fi/en/unit/15324; Alberga skola: https://www.espoo.fi/en/unit/65018; Auroran koulu: https://www.espoo.fi/en/unit/15345; Eestinkallion koulu: https://www.espoo.fi/en/unit/15379; Espoo International School: https://www.espoo.fi/en/unit/15383; Espoon Steinerkoulu: https://www.espoo.fi/en/unit/15315; Espoonlahden koulu: https://www.espoo.fi/en/unit/15381; Etelä-Tapiolan lukio: https://www.espoo.fi/en/unit/15359; Finno skola: https://www.espoo.fi/en/unit/15413; Friisilän koulu: https://www.espoo.fi/en/unit/15347; Hansakallion koulu: https://www.espoo.fi/en/unit/15366; Haukilahden koulu: https://www.espoo.fi/en/unit/15323; Jalavapuiston koulu: https://www.espoo.fi/en/unit/15394; Järvenperän koulu: https://www.espoo.fi/en/unit/15340; Jousenkaaren koulu: https://www.espoo.fi/en/unit/15353; Jupperin koulu: https://www.espoo.fi/en/unit/15319; Juvanpuiston koulu: https://www.espoo.fi/en/unit/15385; Kaitaan koulu: https://www.espoo.fi/en/unit/15421; Kaitaan koulu, Hyljelahden toimipiste: https://www.espoo.fi/en/unit/15354; Kalajärven koulu: https://www.espoo.fi/en/unit/15363; Kantokasken koulu: https://www.espoo.fi/en/unit/15412; Karakallion koulu: https://www.espoo.fi/en/unit/15423; Karamalmens skola: https://www.espoo.fi/en/unit/15358; Karamzinin koulu: https://www.espoo.fi/en/unit/15320; Karhusuon koulu: https://www.espoo.fi/en/unit/15406; Kauklahden koulu: https://www.espoo.fi/en/unit/15419; Keinumäen koulu: https://www.espoo.fi/en/unit/15338; Kilon koulu: https://www.espoo.fi/en/unit/15313; Kilonpuiston koulu: https://www.espoo.fi/en/unit/15355; Kirkkojärven koulu: https://www.espoo.fi/en/unit/15397; Kirstin koulu: https://www.espoo.fi/en/unit/15404; Kivimiehen koulu: https://www.espoo.fi/en/unit/63347; Koulumäen koulu: https://www.espoo.fi/en/unit/15361; Koulumestarin koulu: https://www.espoo.fi/en/unit/15342; Kuitinmäen koulu: https://www.espoo.fi/en/unit/15326; Kungsgårdsskolan: https://www.espoo.fi/en/unit/15378; Laajalahden koulu: https://www.espoo.fi/en/unit/15410; Lagstads skola: https://www.espoo.fi/en/unit/15370; Lähderannan koulu: https://www.espoo.fi/en/unit/15341; Lahnuksen koulu: https://www.espoo.fi/en/unit/15327; Laurinlahden koulu: https://www.espoo.fi/en/unit/15368; Leppävaaran koulu: https://www.espoo.fi/en/unit/15414; Lintulaakson koulu: https://www.espoo.fi/en/unit/15304; Lintumetsän koulu: https://www.espoo.fi/en/unit/15392; Lintuvaaran koulu: https://www.espoo.fi/en/unit/15318; Mainingin koulu: https://www.espoo.fi/en/unit/15352; Mankkaan koulu: https://www.espoo.fi/en/unit/15428; Mankkaanpuron koulu: https://www.espoo.fi/en/unit/18222; Martinkallion koulu: https://www.espoo.fi/en/unit/15360; Matinlahden koulu: https://www.espoo.fi/en/unit/15316; Mattlidens skola: https://www.espoo.fi/en/unit/15308; Meritorin koulu: https://www.espoo.fi/en/unit/15356; Mikkelän koulu: https://www.espoo.fi/en/unit/15349; Nauriskasken koulu: https://www.espoo.fi/en/unit/15387; Niipperi school: https://www.espoo.fi/en/unit/15337; Niittykummun koulu: https://www.espoo.fi/en/unit/15336; Nöykkiön koulu: https://www.espoo.fi/en/unit/15393; Nöykkiönlaakson koulu: https://www.espoo.fi/en/unit/18223; Olarin koulu: https://www.espoo.fi/en/unit/15375; Päivänkehrä School: https://www.espoo.fi/en/unit/15380; Pakankylän koulu: https://www.espoo.fi/en/unit/15372; Perkkaan koulu: https://www.espoo.fi/en/unit/68415; Pohjois-Tapiolan koulu: https://www.espoo.fi/en/unit/15302; Postipuun koulu: https://www.espoo.fi/en/unit/15332; Rastaalan koulu: https://www.espoo.fi/en/unit/15330; Rinnekodin koulu: https://www.espoo.fi/en/unit/56421; Rödskogs skola: https://www.espoo.fi/en/unit/55965; Ruusutorpan koulu: https://www.espoo.fi/en/unit/15362; Saarnilaakson koulu: https://www.espoo.fi/en/unit/15371; Saunalahden koulu: https://www.espoo.fi/en/unit/29940; Smedsby skola: https://www.espoo.fi/en/unit/15306; Soukan koulu: https://www.espoo.fi/en/unit/15418; Sunan koulu: https://www.espoo.fi/en/unit/15405; Taavinkylän koulu: https://www.espoo.fi/en/unit/15430; Tapiolan koulu: https://www.espoo.fi/en/unit/15426; Tiistilä school: https://www.espoo.fi/en/unit/15399; Toppelundin koulu: https://www.espoo.fi/en/unit/15407; Tuomarilan koulu: https://www.espoo.fi/en/unit/15403; Vanttilan koulu: https://www.espoo.fi/en/unit/15335; Viherlaakson koulu: https://www.espoo.fi/en/unit/15408; Vindängens skola: https://www.espoo.fi/en/unit/15409; Westendinpuiston koulu: https://www.espoo.fi/en/unit/15369; Ymmerstan koulu: https://www.espoo.fi/en/unit/15305";13.10.2025;Espoo Basic Education provides city-organized education for children and young people in grades 1–9, completing compulsory education and issuing a certificate of eligibility for further studies.
Basketball courts;https://www.espoo.fi/en/sports-and-nature/outdoor-exercise-facilities/basketball-courts;Espoo offers excellent facilities for basketball. There are basketball courts in sports parks, residents’ parks and school yards. You can find a list of all courts below.;Espoo offers excellent facilities for basketball. There are basketball courts in sports parks, residents’ parks and school yards. You can find a list of all courts below.;"Aarnivalkean koulu / Basketball court: https://www.espoo.fi/en/unit/39504; Auroran koulu / Basketball court: https://www.espoo.fi/en/unit/50482; Eestinkallion koulu / Basketball court: https://www.espoo.fi/en/unit/50355; Entresse Basketball court: https://www.espoo.fi/en/unit/46306; Espoonlahden koulu ja lukio / Basketball court: https://www.espoo.fi/en/unit/50318; Espoonlahti sports park's basketball court: https://www.espoo.fi/en/unit/39616; Lansapuro park basketball court: https://www.espoo.fi/en/unit/50341";13.10.2025;Espoo provides basketball courts in sports parks, residential areas, and school yards for public use.
Beach volley fields;https://www.espoo.fi/en/sports-and-nature/outdoor-exercise-facilities/beach-volley-fields;"Beach volleyball is a fast-paced sport that offers challenges and fun. There are several beach volleyball courts in Espoo, most of which can be freely used by anyone. Some of the courts can be booked through the booking calendar.
Access the booking calendar 
here
.";"Beach volleyball is a fast-paced sport that offers challenges and fun. There are several beach volleyball courts in Espoo, most of which can be freely used by anyone. Some of the courts can be booked through the booking calendar.
Access the booking calendar 
here
.";"Espoonlahti sports park / Beach volleyball court: https://www.espoo.fi/en/unit/39374; Haukilahti beach / Beach volleyball court: https://www.espoo.fi/en/unit/39890; Iso Vasikkasaari / Beach volleyball court: https://www.espoo.fi/en/unit/53475; Kaitaan koulu (school) / Beach volleyball court: https://www.espoo.fi/en/unit/50392; Keski-Espoo sports park / Beach volleyball court: https://www.espoo.fi/en/unit/53794; Kivenlahti beach / Beach volleyball court: https://www.espoo.fi/en/unit/39444; Laaksolahti beach / Beach volleyball court: https://www.espoo.fi/en/unit/39301; Leppävaara lido / Beach volleyball court: https://www.espoo.fi/en/unit/54028; Lillhenmtinpuisto beach volleyball court: https://www.espoo.fi/en/unit/50350; Matinkylä beach / Beach volleyball court 1: https://www.espoo.fi/en/unit/50238; Matinkylä beach / Beach volleyball court 2: https://www.espoo.fi/en/unit/53648; Matinkylä beach / Beach volleyball court 3: https://www.espoo.fi/en/unit/53951; Matinkylän Rantametsä / Beach volleyball court: https://www.espoo.fi/en/unit/54040; Oittaa beach volleyball court 1: https://www.espoo.fi/en/unit/46223; Oittaa beach volleyball court 2: https://www.espoo.fi/en/unit/53622; Oittaa beach volleyball court 3: https://www.espoo.fi/en/unit/53617; Olari sports field / Beach volleyball court: https://www.espoo.fi/en/unit/50335; Opinmäen koulu (school) / Beach volleyball court: https://www.espoo.fi/en/unit/50340; Päiväkehrän koulu (school) / Beach volleyball court: https://www.espoo.fi/en/unit/57498; Röylän koulu (school) / Beach volleyball court: https://www.espoo.fi/en/unit/57496; Suinonpuisto / Beach volleyball court: https://www.espoo.fi/en/unit/46395; Uusmäki beach volleyball court: https://www.espoo.fi/en/unit/54016; Vanttilan koulu (school) / Beach volleyball court: https://www.espoo.fi/en/unit/54020; Vilniemi Beach volleyball court: https://www.espoo.fi/en/unit/50480";13.10.2025;Beach volley fields provides access to Espoo's beach volleyball courts, with most courts freely available for public use and some bookable via a booking calendar.
Beaches;https://www.espoo.fi/en/sports-and-nature/outdoor-exercise-facilities/uimapaikat/beaches;There are 8 swimming beaches in Espoo with lifeguards. The beaches have been cleaned, the swimming areas have been marked, and the quality of the water is constantly monitored. There is waste management at the beaches, and the beaches are regularly cleaned. The beaches can be used by the city residents free of charge. Espoo Sports Services takes care of beaches.;Sports Services takes care of beaches.;"Hanikka beach (Suinonsalmi): https://www.espoo.fi/en/unit/39583; Haukilahti beach (Mellsten): https://www.espoo.fi/en/unit/39568; Kivenlahti beach: https://www.espoo.fi/en/unit/39815; Klobben beach (Soukka): https://www.espoo.fi/en/unit/39693; Laaksolahti beach: https://www.espoo.fi/en/unit/39267; Matinkylä beach: https://www.espoo.fi/en/unit/39527; Myllyjärvi swimming area (south): https://www.espoo.fi/en/unit/39713; Oittaa beach: https://www.espoo.fi/en/unit/39322; Westend beach: https://www.espoo.fi/en/unit/52959";13.10.2025;Espoo Beaches provides eight lifeguarded, well-maintained city beaches with monitored water quality and waste management, free for residents and managed by Espoo Sports Services.
Boundary demonstration and demarcation;https://www.espoo.fi/en/services/boundary-demonstration-and-demarcation;"Boundary demonstration is applied for from the municipality in writing in a situation where the marking of the property boundary has disappeared or moved from its place.

Boundary demonstration is an unofficial measurement of the plot boundary to clarify the location of the boundary. 

Demarcation is an official boundary measurement operation that is entered in the property register. Demarcation is necessary when the boundary markings have disappeared or the location of the boundary is otherwise unclear. 

In the town plan area with a binding subdivision plan, boundary demonstrations and demarcations are carried out by the municipality. Elsewhere, the National Land Survey of Finland is responsible for demarcation. The National Land Survey of Finland does not make boundary demonstrations.";Boundary demonstration is applied for from the municipality in writing in a situation where the marking of the property boundary has disappeared or moved from its place.;City Surveying services: https://www.espoo.fi/en/unit/21972;13.10.2025;Provides both an unofficial boundary demonstration to locate a missing or unclear property boundary and an official demarcation registered in the property register, performed by the municipality in town-plan areas and by the National Land Survey of Finland elsewhere.
Building control measurements;https://www.espoo.fi/en/services/building-control-measurements;In Espoo, the city survey services of the Public Works Department are responsible for building control measurements. From the city survey services, you can order, for example, a building permit map needed as an appendix to the building permit, boundary demonstrations of properties and plots, elevation demonstrations of plots and buildings, terrain markings of buildings and structures as well as building location reviews.;In Espoo, the city survey services of the Public Works Department are responsible for building control measurements.;City Surveying services: https://www.espoo.fi/en/unit/21972;13.10.2025;Providing building control measurements for Espoo, including permit maps, boundary and elevation surveys, terrain markings, and building location reviews.
Building easements;https://www.espoo.fi/en/services/building-easements;"The building permit may require establishing an easement. An easement means a right of the property to use or correspondingly utilise another property. Building easements are established and can be cancelled based on an application at the Building Control Department. An easement is established by a lawyer.

The building permit may require establishing an easement. An easement means a right of the property to use or correspondingly utilise another property. Building easements are established and can be removed based on an application at the Building Control Department. An easement is established by a lawyer.";The building permit may require establishing an easement. An easement means a right of the property to use or correspondingly utilise another property. Building easements are established and can be cancelled based on an application at the Building Control Department. An easement is established by a lawyer.;"City Surveying services: https://www.espoo.fi/en/unit/21972; Espoo Building Control: https://www.espoo.fi/en/unit/21970";13.10.2025;This service facilitates establishing or removing a property easement—an owner’s right to use another property—as required by a building permit, with establishment by a lawyer and processing through the Building Control Department.
Business consulting;https://www.espoo.fi/en/working-life/business-espoo-helping-companies-thrive/business-consulting;"Business Espoo is a service network for companies and entrepreneurs in Espoo and the surrounding municipalities, formed by seven organisations. Our goal is to increase the number of jobs and vitality in Espoo by producing customer-oriented, cost-effective and high-quality services for companies and entrepreneurs.

Together for the customer
We at Business Espoo work to ensure that every company that either operates or considers operating in the area knows our services and how to benefit from them. We systematically examine the changing needs of companies during different stages of their life cycle and test and produce innovative solutions to these challenges. We provide advice on starting and developing a business, finding competent workers, international recruitment, internationalisation and growth. We strengthen expertise within companies through training and help companies and investors find the right contacts. Business Espoo also offers companies and entrepreneurs numerous networking opportunities through its training and other events.

The following organisations serve entrepreneurs and companies in the Business Espoo network: City of Espoo, Enter Espoo, Federation of Espoo Enterprises, Helsinki Region Chamber of Commerce, Omnia, Uusimaa Employment and Economic Development Office (TE Office) and
EnterpriseEspoo.";Business Espoo is a service network for companies and entrepreneurs in Espoo and the surrounding municipalities, formed by seven organisations.;"Business Espoo: https://www.espoo.fi/en/unit/63971; Business Espoo: https://www.espoo.fi/en/business-espoo-helping-companies-thrive";13.10.2025;Business Espoo is a collaborative service network for companies and entrepreneurs in Espoo and the surrounding area that supports growth, recruitment, internationalisation, and vitality through customer-focused advisory, training, and networking opportunities.
Cable and pipe information service;https://www.espoo.fi/en/services/cable-and-pipe-information-service;"The City of Espoo maintains a centralised cable and pipe information service in cooperation with telecommunications, energy and water services companies in Espoo and Kauniainen. Customers can obtain information on underground cables and pipes in the Espoo and Kauniainen area through the City of Espoo online service.
When doing any underground planning, construction or examination work, you will have to determine what kind of underground cables and pipes there are in the working area.";"The City of Espoo maintains a centralised cable and pipe information service in cooperation with telecommunications, energy and water services companies in Espoo and Kauniainen. Customers can obtain information on underground cables and pipes in the Espoo and Kauniainen area through the City of Espoo online service.
When doing any underground planning, construction or examination work, you will have to determine what kind of underground cables and pipes there are in the working area.";City of Espoo online service (in Finnish and Swedish): https://easiointi.espoo.fi/ePermit/fi/Account?ReturnUrl=/ePermit/fi/PermitApplicant;13.10.2025;The Cable and Pipe Information Service is a centralized online platform by the City of Espoo that provides information about underground cables and pipes in Espoo and Kauniainen to support planning, construction, and examination work.
Cadastral procedures;https://www.espoo.fi/en/services/cadastral-procedures;"The real estate formation unit takes care of cadastral procedures in the Espoo town plan area. Cadastral procedures include parcelling of a plot, easement proceedings, definition of real estate (e.g. demarcation), parcelling of a public area or space as well as redemption of a parcel or exchange of land in conjunction with the parcelling.

In a cadastral procedure, in addition to real estate formation, borders of real estate can be defined, new easements can be established and old rights and easements can be processed.
A cadastral procedure usually becomes pending with an application by the owner. The application can be submitted either through the electronic service (online application) or by sending it by post.";The real estate formation unit takes care of cadastral procedures in the Espoo town plan area.;"City Surveying services: https://www.espoo.fi/en/unit/21972; Application - Cadastral procedure: https://static.espoo.fi/cdn/ff/caHRnx7WBeFcTjGHvGe_fT8wiplOdxQKnx45V1-PcwU/1632727351/public/2021-09/EN%20Kiinteist%C3%B6toimitushakemus_0.pdf; Online application (You can only submit an application in Finnish and Swedish): https://easiointi.espoo.fi/ePermit/; Cadastral prosedure fee 1.1.2024: https://static.espoo.fi/cdn/ff/vjF7qqcPAW7ohiKWNsxidSX-4PwHeluNbgLIwvqL0lI/1702902535/public/2023-12/Cadastral%20proceture%20fee%201.1.2024_2.pdf";13.10.2025;Provides cadastral procedures in Espoo’s town plan area, including parceling, demarcation, easement creation and processing, and related land exchanges or redemption, initiated by the owner’s online or postal application.
Career coaching;https://www.espoo.fi/en/services/career-coaching;"Career coaching guides and supports you in studying different career options.

Career coaching might suit you if you have no vocational training, consider changing fields, are returning to employment or consider entrepreneurship.

Career coaching provides you with information, counselling and support that help you get a clearer idea of your choice of profession and career alternatives, applying for education and developing transferable skills. Coaching helps you find your strengths and a new direction for your career.";Career coaching guides and supports you in studying different career options.;"Espoo Employment Services, office in Sello: https://www.espoo.fi/en/unit/76109; Espoo Employment Services, Piispanportti office: https://www.espoo.fi/en/unit/63889";13.10.2025;Career coaching helps you explore career options, identify your strengths, and plan education and skill development to pursue a new or changed career.
Carpet washing sites;https://www.espoo.fi/en/services/carpet-washing-sites;"Espoo's carpet washing sites are available to all Espoo residents during summertime.

During summertime, Espoo´s seven carpet washing sites are available to all residents free of charge.

All carpet washing sites have carpet washing basins of different sizes, wringers, drying racks, and a table and chairs or a bench. 

The water comes to the washing sites from the municipal water supply network, and the wastewater is conveyed into the municipal sewer network. 

The most environmentally friendly way to wash carpets is at a designated site equipped with sewers. It is prohibited to clean carpets in the sea, lakes, or other bodies of water. The same applies to dry land if the washing water ends in a body or a ditch. Washing carpets in the sea and lakes harms the environment and causes, for example, clouding of water and overgrowth of algae. 

Remember to clean up after using the washing site: close the taps and put your litter in the bin. This makes carpet washing more pleasant for everyone and helps to keep carpet washing sites operational throughout the summer.

Carpet washing sites are intended for carpet washing only and are open in weeks 18-39, depending on weather conditions.";Espoo's carpet washing sites are available to all Espoo residents during summertime.;"Finnoonniitty carpet washing place: https://www.espoo.fi/en/unit/27542; Kilo carpet washing place: https://www.espoo.fi/en/unit/27543; Kirkkojärvi carpet washing place: https://www.espoo.fi/en/unit/64838; North Espoo carpet washing place in Niipperi: https://www.espoo.fi/en/unit/27545; Olarinluoma carpet washing place: https://www.espoo.fi/en/unit/27544; Otsonvalkama carpet washing place: https://www.espoo.fi/en/unit/64681; Soukanlahti park carpet washing place: https://www.espoo.fi/en/unit/27541; Feedback service : https://easiointi.espoo.fi/eFeedback/en; Water supply cuts and disturbances in water supply - Fault reporting service 24 h: https://www.hsy.fi/en/water-and-sewers/water-supply-cuts-and-disturbances-in-water-supply/; Urban Environment Customer Service: https://www.espoo.fi/en/units/urban-environment-customer-service";13.10.2025;Espoo's summertime carpet-washing sites offer seven free facilities for residents to wash carpets (open during weeks 18–39, weather permitting), using municipal water and sewer disposal, and requiring users to clean up after use.
Certificate for a partially disabled jobseeker;https://www.espoo.fi/en/services/certificate-partially-disabled-jobseeker;"If you have a disability or illness affecting work, you can request a certificate for a partially disabled jobseeker from the Employment services.

If you have an injury or illness diagnosed by a physician that affects your employment and you are about to be employed by a large employer, you can ask the Employment services for a certificate stating that you have been registered as partially disabled in the Employment services' customer information system. A large employer is an employer who has insurance from an employment pension company and whose annual salary exceeds the large employer's salary limit.

A certificate of a partially disabled jobseeker reduces the threshold for a large employer to hire an employee with partial work ability and promotes your employment. When you have the certificate, your employer's employment pension contribution category will not change if you have to retire on a disability pension during the first five years of your employment relationship.";If you have a disability or illness affecting work, you can request a certificate for a partially disabled jobseeker from the Employment services.;"Espoo Employment Services, office in Sello: https://www.espoo.fi/en/unit/76109; Espoo Employment Services, Piispanportti office: https://www.espoo.fi/en/unit/63889";13.10.2025;This service lets a partially disabled jobseeker obtain a certificate from Employment Services (registered in the customer information system) that lowers large employers’ hiring threshold for partially able workers and preserves the employee’s pension contribution category for the first five years of employment if disability retirement occurs.
Chat and telephone services;https://www.espoo.fi/en/city-and-decision-making/customer-service-and-e-services/chat-and-telephone-services;"The City of Espoo provides services and advice online through various channels. You can contact us through our chat and video call, by phone, via email and through social media. For example, we can help you fill in applications, and we provide advice on issues related to Kela, school transport and HSL. We also give tips on places and events to visit in Espoo.

The City of Espoo provides services and advice online through various channels. You can contact us through our chat and video call, by phone and via email. For example, we can help you fill in applications, and we provide advice on issues related to Kela, school transport and HSL. We also give tips on places and events to visit in Espoo.

Espoo info telephone

p. 09 816 21

Opening hours: Open Mon-Fri 08:30-16";The City of Espoo provides services and advice online through various channels. You can contact us through our chat and video call, by phone, via email and through social media. For example, we can help you fill in applications, and we provide advice on issues related to Kela, school transport and HSL. We also give tips on places and events to visit in Espoo.;N/A;13.10.2025;A multi-channel City of Espoo service that offers online chat, video calls, phone, email and social media support for applications, guidance on Kela, school transport and HSL, and tips on places and events to visit in Espoo.
City of Espoo veterinarians;https://www.espoo.fi/en/sports-and-nature/animals/city-espoo-veterinarians;"The City of Espoo veterinarians provide basic veterinary services. The services are intended for the pets of residents in Espoo, Kauniainen, and Kirkkonummi.

The City of Espoo veterinarians provide basic veterinary services. In addition, city veterinarians carry out official duties in accordance with the Veterinary Care Act, such as animal disease control, animal welfare supervision, and animal import and export inspections. The services are intended for the pets of residents in Espoo, Kauniainen, and Kirkkonummi.";The City of Espoo veterinarians provide basic veterinary services. The services are intended for the pets of residents in Espoo, Kauniainen, and Kirkkonummi.;"City of Espoo veterinarians' office: https://www.espoo.fi/en/unit/64065; Animal welfare: https://www.espoo.fi/en/sports-and-nature/animals/animal-welfare; Stray animals: https://www.espoo.fi/en/sports-and-nature/animals/stray-animals; Import and export of animals: https://www.espoo.fi/en/sports-and-nature/animals/import-and-export-animals";13.10.2025;Provide basic veterinary care for pets owned by residents of Espoo, Kauniainen, and Kirkkonummi, and perform official duties under the Veterinary Care Act, including disease control, welfare supervision, and import/export inspections.
Claim for damage;https://www.espoo.fi/en/services/claim-damage;"In certain cases, the City of Espoo will pay for vehicle damage or injuries caused by the poor condition of traffic routes, falling roadside or park trees or traffic signs, or slipping or falling on traffic routes maintained by the city. 

The injured party can apply for compensation by submitting the form below and any related documents by post to Registry Office.";In certain cases, the City of Espoo will pay for vehicle damage or injuries caused by the poor condition of traffic routes, falling roadside or park trees or traffic signs, or slipping or falling on traffic routes maintained by the city.;How to apply for compensation: https://www.espoo.fi/en/compensation-damage;13.10.2025;The City of Espoo compensates vehicle damage or injuries caused by hazards on city-maintained traffic routes and public areas, with claims submitted to the Registry Office.
Cleaning of contaminated soil;https://www.espoo.fi/en/services/cleaning-contaminated-soil;The cleaning and processing of contaminated soil must be reported to the ELY centre. The Environment Department provides advice and maintains the geographic database.;The Environment Department provides advice and maintains the geographic database.;Environmental protection services: https://www.espoo.fi/en/unit/66794;13.10.2025;This service cleans and processes contaminated soil and requires reporting to the ELY centre, with the Environment Department providing guidance and maintaining the geographic database.
Clubs in early childhood education;https://www.espoo.fi/en/childcare-and-education/early-childhood-education/clubs-early-childhood-education;The Finnish early childhood education in Espoo organises free-of-charge clubs activities for small children. The annual application period for the new term of clubs in early childhood education is in March. You can apply for places in clubs that may become available later during the club term.;The Finnish early childhood education in Espoo organises free-of-charge clubs activities for small children. The annual application period for the new term of clubs in early childhood education is in March. You can apply for places in clubs that may become available later during the club term.;"Hiirisuon kerho: https://www.espoo.fi/en/unit/66859; Karakallion asukaspuiston kerho: https://www.espoo.fi/en/unit/50537; Kylätalo Palttinan kerho: https://www.espoo.fi/en/unit/64454; Mankkaan asukaspuiston kerho: https://www.espoo.fi/en/unit/66862; Matinkylä residents' park club: https://www.espoo.fi/en/unit/68155; Olarin asukaspuiston kerho: https://www.espoo.fi/en/unit/66864; Painiityn kerho: https://www.espoo.fi/en/unit/55996; Perkkaan asukaspuiston kerho: https://www.espoo.fi/en/unit/57869; Suvelan asukaspuiston kerho: https://www.espoo.fi/en/unit/64456; Tillinmäen kerho: https://www.espoo.fi/en/unit/67757; Viherkallion asukaspuiston kerho: https://www.espoo.fi/en/unit/66852";13.10.2025;Espoo’s Finnish early childhood education offers free club activities for young children, with a March application period for the new term and the chance to join if spaces become available later.
Competence Centre for Highly Educated Immigrants;https://www.espoo.fi/en/working-life/employment-espoo/competence-centre-highly-educated-immigrants;The Competence Centre for Highly Educated Immigrants supports unemployed international professionals in Espoo with job seeking, competence building and contacting employers. We help jobseekers to find their strengths and develop their professional skills.;The Competence Centre for Highly Educated Immigrants supports unemployed international professionals in Espoo with job seeking, competence building and contacting employers. We help jobseekers to find their strengths and develop their professional skills.;Espoo Talent Hub Office: https://www.espoo.fi/en/unit/69003;13.10.2025;A center in Espoo that supports highly educated, unemployed international professionals with job searching, skills development, and connections to employers.
Comprehensive schools;https://www.espoo.fi/en/childcare-and-education/basic-education/comprehensive-schools;In Espoo, there are 70 Finnish-speaking comprehensive schools and 10 Swedish-speaking comprehensive schools. In addition, there are two private schools - Espoon kristillinen koulu and Espoon Steinerkoulu.;In Espoo, there are 70 Finnish-speaking comprehensive schools and 10 Swedish-speaking comprehensive schools. In addition, there are two private schools - Espoon kristillinen koulu and Espoon Steinerkoulu.;N/A;13.10.2025;Comprehensive schools in Espoo offer Finnish- and Swedish-language basic education through public schools, with two private options—Espoon kristillinen koulu and Espoon Steinerkoulu.
Construction site reviews;https://www.espoo.fi/en/services/construction-site-reviews;"You can check the reviews determined for your project in advance in the building permit. As the work progresses, other reviews may also be determined. Terrain markings and location reviews can be requested at the City Survey Department's customer service. Building reviews can be requested from the local inspectors of the Building Control technical unit.

You can check the reviews determined for your project in advance in the building permit. As the work progresses, other reviews may also be determined. Terrain markings and location reviews can be requested at the City Survey Department's customer service. Building reviews can be requested from the local inspectors of Building Control.

Usual reviews include location review, base review, structure review, venting review, property water and drainage system review and final reviews.";You can check the reviews determined for your project in advance in the building permit. As the work progresses, other reviews may also be determined. Terrain markings and location reviews can be requested at the City Survey Department's customer service. Building reviews can be requested from the local inspectors of the Building Control technical unit.;Espoo Building Control: https://www.espoo.fi/en/unit/21970;13.10.2025;Construction site reviews provide pre-permit and ongoing inspections to ensure project compliance, including terrain and location reviews by the City Survey Department and building inspections by local Building Control inspectors, covering location, base, structure, venting, water and drainage systems, and final reviews.
Continuous monitoring;https://www.espoo.fi/en/housing-and-building/building/building-control/continuous-monitoring;"Continuous monitoring supervises the condition of properties and buildings based on its own observations, written feedback, requests for action and denunciations. 

Based on the denunciation, it is considered whether the issue requires action by Building Control. Issues are handled in the order of urgency.

Anonymous feedback or denunciations are usually not processed.";Continuous monitoring supervises the condition of properties and buildings based on its own observations, written feedback, requests for action and denunciations.;Espoo Building Control: https://www.espoo.fi/en/unit/21970;13.10.2025;Continuous monitoring oversees building and property conditions through observations, feedback, requests for action, and denunciations to determine whether Building Control action is required, with issues handled by urgency and anonymous submissions usually not processed.
Cultural houses and centres;https://www.espoo.fi/en/culture-and-leisure/cultural-houses-and-centres;"The Event and Culture Services are in charge of the operations, facilities and high-quality content of the cultural centres and premises, as well as the profile events for urban culture.


The premises of Espoo's Cultural Venues and Services include the Espoo Cultural Centre in Tapiola, which is the city's main venue for performing arts and cultural events; Sello Hall with its high-quality acoustics in Leppävaara; the multi-purpose facility Kannusali in Espoon keskus; the Children's Cultural Centre Aurora, a joyful meeting place for children and adults in Järvenperä; and the Exhibition Centre WeeGee, a diverse venue for museums, exhibitions and events in Tapiola. Cultural Venues and Services is responsible for the operations, equipment and technical systems of the city's cultural venues. In addition, the unit is responsible for cultural work at the local level and promotes and coordinates local events in cooperation with other operators and partners.";"The Event and Culture Services are in charge of the operations, facilities and high-quality content of the cultural centres and premises, as well as the profile events for urban culture.
";Find cultural events in Espoo: https://www.espoo.fi/en/cultureespoo-your-one-stop-source-culture/cultural-events-espoo;13.10.2025;Event and Culture Services manage the operations, facilities, and high-quality programming of Espoo’s cultural venues and coordinate local cultural events across its centres, including the Espoo Cultural Centre, Sello Hall, Kannusali, Aurora, and WeeGee.
Day care centres;https://www.espoo.fi/en/childcare-and-education/early-childhood-education/day-care-centres;Day care centres are the most common form of early childhood education. In Espoo, we have almost 170 municipal and around 90 private day care centres, some of which are Finnish-speaking and some Swedish-speaking.;Day care centres are the most common form of early childhood education. In Espoo, we have almost 170 municipal and around 90 private day care centres, some of which are Finnish-speaking and some Swedish-speaking.;N/A;13.10.2025;Day care centres provide early childhood education and care for young children, with numerous municipal and private centres in Espoo offering Finnish- and Swedish-speaking options.
Day care centres in Espoon keskus;https://www.espoo.fi/en/childcare-and-education/early-childhood-education/day-care-centres-espoon-keskus;All Finnish language municipal day care centres in the Espoon keskus area are listed below on this page.;All Finnish language municipal day care centres in the Espoon keskus area are listed below on this page.;"Aarrekartan päiväkoti: https://www.espoo.fi/en/unit/74328; Auroranportin päiväkoti: https://www.espoo.fi/en/unit/15667; Hösmärin päiväkoti: https://www.espoo.fi/en/unit/15636; Hösmärinpuiston päiväkoti: https://www.espoo.fi/en/unit/15578; Järvenperän päiväkoti: https://www.espoo.fi/en/unit/15458; Juvanpuiston lastentalon päiväkoti: https://www.espoo.fi/en/unit/15853; Kalajärven päiväkoti: https://www.espoo.fi/en/unit/15497; Kauklahden päiväkoti: https://www.espoo.fi/en/unit/15657; Kiltakallion lastentalo: https://www.espoo.fi/en/unit/15442; Kiltapuiston päiväkoti: https://www.espoo.fi/en/unit/15542; Kirkkojärven päiväkoti: https://www.espoo.fi/en/unit/15766; Kirstin päiväkoti: https://www.espoo.fi/en/unit/44560; Koivuhovin päiväkoti: https://www.espoo.fi/en/unit/15644; Koulumestarin päiväkoti: https://www.espoo.fi/en/unit/15769; Kylänaukion päiväkoti: https://www.espoo.fi/en/unit/15837; Kylätalo Palttinan päiväkoti: https://www.espoo.fi/en/unit/15791; Lakelan päiväkoti: https://www.espoo.fi/en/unit/15593; Lasinpuhaltajan päiväkoti: https://www.espoo.fi/en/unit/15811; Luhtaniityn päiväkoti: https://www.espoo.fi/en/unit/15535; Mikkelän päiväkoti: https://www.espoo.fi/en/unit/15705; Muurahaisen päiväkoti: https://www.espoo.fi/en/unit/15710; Niipperin päiväkoti: https://www.espoo.fi/en/unit/15683; Nupurin päiväkoti: https://www.espoo.fi/en/unit/15552; Pikku-Karhun päiväkoti: https://www.espoo.fi/en/unit/15854; Puutarhurin päiväkoti: https://www.espoo.fi/en/unit/15640; Saarniraivion päiväkoti: https://www.espoo.fi/en/unit/15665; Sokinvuoren päiväkoti: https://www.espoo.fi/en/unit/15597; Suvelan päiväkoti: https://www.espoo.fi/en/unit/15585; Suviniityn päiväkoti: https://www.espoo.fi/en/unit/63952; Taimitarhan päiväkoti: https://www.espoo.fi/en/unit/15817; Tuomarilan päiväkoti: https://www.espoo.fi/en/unit/15720; Ullanmäen päiväkoti: https://www.espoo.fi/en/unit/15721; Vantinkulman päiväkoti: https://www.espoo.fi/en/unit/44559; Vanttilan päiväkoti: https://www.espoo.fi/en/unit/15488; Ymmerstan päiväkoti: https://www.espoo.fi/en/unit/20377";13.10.2025;This page lists Finnish-language municipal day care centres in the Espoon keskus area.
Day care centres in Espoonlahti;https://www.espoo.fi/en/childcare-and-education/early-childhood-education/day-care-centres-espoonlahti;All Finnish language municipal day care centres in the Espoonlahti area are listed below on this page.;All Finnish language municipal day care centres in the Espoonlahti area are listed below on this page.;"Aallonhuipun päiväkoti: https://www.espoo.fi/en/unit/15586; Eestinmalmin päiväkoti: https://www.espoo.fi/en/unit/15807; Eestinmetsän päiväkoti : https://www.espoo.fi/en/unit/15525; Espoonlahden päiväkoti: https://www.espoo.fi/en/unit/15757; Iivisniemen päiväkoti: https://www.espoo.fi/en/unit/15836; Järvitorpan päiväkoti: https://www.espoo.fi/en/unit/15756; Kaitaanniityn päiväkoti: https://www.espoo.fi/en/unit/15678; Kaskipihan päiväkoti: https://www.espoo.fi/en/unit/15599; Kastevuoren päiväkoti: https://www.espoo.fi/en/unit/15448; Kipparin päiväkoti: https://www.espoo.fi/en/unit/15824; Latokasken päiväkoti: https://www.espoo.fi/en/unit/15754; Laurinlahden päiväkoti: https://www.espoo.fi/en/unit/15633; Lehtikasken päiväkoti: https://www.espoo.fi/en/unit/15567; Mainingin päiväkoti: https://www.espoo.fi/en/unit/15716; Merenkulkijan päiväkoti: https://www.espoo.fi/en/unit/15712; Nöykkiön päiväkoti: https://www.espoo.fi/en/unit/15455; Nöykkiönniityn päiväkoti: https://www.espoo.fi/en/unit/68417; Ohrakasken päiväkoti: https://www.espoo.fi/en/unit/15729; Paapuurin päiväkoti: https://www.espoo.fi/en/unit/54464; Pisan päiväkoti: https://www.espoo.fi/en/unit/15686; Saapasaukion päiväkoti: https://www.espoo.fi/en/unit/15620; Saunalahden päiväkoti: https://www.espoo.fi/en/unit/20354; Soukankujan päiväkoti: https://www.espoo.fi/en/unit/15622; Suomenojan päiväkoti: https://www.espoo.fi/en/unit/15492; Tähystäjän päiväkoti: https://www.espoo.fi/en/unit/74767; Tillinmäen päiväkoti: https://www.espoo.fi/en/unit/52446; Yläkartanon päiväkoti: https://www.espoo.fi/en/unit/15810";13.10.2025;This page provides a complete list of Finnish-language municipal day care centres in the Espoonlahti area.
Day care centres in Leppävaara;https://www.espoo.fi/en/childcare-and-education/early-childhood-education/day-care-centres-leppavaara;All Finnish language municipal day care centres in the Leppävaara area are listed below on this page.;All Finnish language municipal day care centres in the Leppävaara area are listed below on this page.;"Ajurinmäen päiväkoti: https://www.espoo.fi/en/unit/20296; Auroran päiväkoti: https://www.espoo.fi/en/unit/15703; Degerbyntien päiväkoti: https://www.espoo.fi/en/unit/15661; Heiniemen päiväkoti: https://www.espoo.fi/en/unit/15672; Jupperin päiväkoti: https://www.espoo.fi/en/unit/15773; Kallionkujan päiväkoti: https://www.espoo.fi/en/unit/15795; Karamäen päiväkoti: https://www.espoo.fi/en/unit/15624; Kartanonpuiston päiväkoti: https://www.espoo.fi/en/unit/15583; Kepelin päiväkoti: https://www.espoo.fi/en/unit/44180; Keran päiväkoti: https://www.espoo.fi/en/unit/74384; Kilon päiväkoti: https://www.espoo.fi/en/unit/20301; Kilonpuiston lastentalo: https://www.espoo.fi/en/unit/15453; Kuninkaisten päiväkoti: https://www.espoo.fi/en/unit/15459; Kyyhkyspuiston päiväkoti: https://www.espoo.fi/en/unit/15562; Laaksolahden päiväkoti: https://www.espoo.fi/en/unit/15738; Lähderannan päiväkoti: https://www.espoo.fi/en/unit/15534; Lansankallion päiväkoti: https://www.espoo.fi/en/unit/15784; Lansantien päiväkoti: https://www.espoo.fi/en/unit/15581; Leppäsillan päiväkoti: https://www.espoo.fi/en/unit/15575; Leppäviidan päiväkoti: https://www.espoo.fi/en/unit/15556; Lintukulman päiväkoti: https://www.espoo.fi/en/unit/15521; Lintulan päiväkoti: https://www.espoo.fi/en/unit/15798; Lintumetsän päiväkoti: https://www.espoo.fi/en/unit/15788; Lintuvaaran päiväkoti: https://www.espoo.fi/en/unit/15547; Lippajärven päiväkoti: https://www.espoo.fi/en/unit/62111; Lipunkantajanpolun päiväkoti: https://www.espoo.fi/en/unit/44182; Majurinkulman päiväkoti: https://www.espoo.fi/en/unit/60174; Monikon päiväkoti: https://www.espoo.fi/en/unit/63942; Nuumäen päiväkoti: https://www.espoo.fi/en/unit/62112; Painiityn päiväkoti: https://www.espoo.fi/en/unit/50539; Perkkaan päiväkoti: https://www.espoo.fi/en/unit/72576; Postipuun päiväkoti: https://www.espoo.fi/en/unit/15582; Rinkelin päiväkoti: https://www.espoo.fi/en/unit/15680; Roosaliinan päiväkoti: https://www.espoo.fi/en/unit/52963; Ruusulinnan päiväkoti: https://www.espoo.fi/en/unit/15529; Säterinmetsän päiväkoti: https://www.espoo.fi/en/unit/15823; Siuntionkujan päiväkoti: https://www.espoo.fi/en/unit/15679; Träskändan päiväkoti: https://www.espoo.fi/en/unit/63939; Vallipuiston päiväkoti: https://www.espoo.fi/en/unit/15675; Veräjäpellon päiväkoti: https://www.espoo.fi/en/unit/74385; Vermon päiväkoti: https://www.espoo.fi/en/unit/72590; Veturin päiväkoti: https://www.espoo.fi/en/unit/44183; Viherkallion päiväkoti: https://www.espoo.fi/en/unit/74827";13.10.2025;This page lists all Finnish-language municipal day care centres in the Leppävaara area.
Day care centres in Matinkylä-Olari;https://www.espoo.fi/en/childcare-and-education/early-childhood-education/day-care-centres-matinkyla-olari;All municipal day care centres in the Matinkylä-Olari area are listed below on this page.;All municipal day care centres in the Matinkylä-Olari area are listed below on this page.;"Aamunkoiton päiväkoti: https://www.espoo.fi/en/unit/20400; Avokkaan päiväkoti: https://www.espoo.fi/en/unit/20266; Ellipsin päiväkoti: https://www.espoo.fi/en/unit/15684; Friisilän päiväkoti: https://www.espoo.fi/en/unit/15833; Kaarnapurren päiväkoti: https://www.espoo.fi/en/unit/15530; Kala-Maijan päiväkoti: https://www.espoo.fi/en/unit/15522; Kuunsäteen päiväkoti: https://www.espoo.fi/en/unit/68420; Kuutamon päiväkoti: https://www.espoo.fi/en/unit/15689; Lystimäen päiväkoti: https://www.espoo.fi/en/unit/20260; Maakirjan päiväkoti: https://www.espoo.fi/en/unit/20261; Matinkylän päiväkoti: https://www.espoo.fi/en/unit/15849; Matinniityn päiväkoti: https://www.espoo.fi/en/unit/15604; Matinraitin päiväkoti: https://www.espoo.fi/en/unit/63930; Nokkalanpuiston päiväkoti: https://www.espoo.fi/en/unit/15768; Nuottakunnan päiväkoti: https://www.espoo.fi/en/unit/15524; Nuottaniemen päiväkoti: https://www.espoo.fi/en/unit/15511; Olarin päiväkoti: https://www.espoo.fi/en/unit/15698; Opinmäen päiväkoti: https://www.espoo.fi/en/unit/52962; Planeetan päiväkoti: https://www.espoo.fi/en/unit/15596; Siriuksen päiväkoti: https://www.espoo.fi/en/unit/63937; Suurpellon päiväkoti: https://www.espoo.fi/en/unit/43322; Tiistilän päiväkoti: https://www.espoo.fi/en/unit/74745; Tiistilänraitin päiväkoti: https://www.espoo.fi/en/unit/15774";13.10.2025;This page lists all municipal day care centres in the Matinkylä-Olari area.
Day care centres in Tapiola;https://www.espoo.fi/en/childcare-and-education/early-childhood-education/day-care-centres-tapiola;All Finnish language municipal day care centres in the Tapiola area are listed below on this page.;All Finnish language municipal day care centres in the Tapiola area are listed below on this page.;"Haukilahden päiväkoti: https://www.espoo.fi/en/unit/15856; Jousenkaaren päiväkoti: https://www.espoo.fi/en/unit/15805; Kivimiehen päiväkoti: https://www.espoo.fi/en/unit/57609; Koivumankkaan päiväkoti: https://www.espoo.fi/en/unit/15623; Laajalahden päiväkoti: https://www.espoo.fi/en/unit/15789; Laakakiven päiväkoti: https://www.espoo.fi/en/unit/15806; Maarinniityn päiväkoti: https://www.espoo.fi/en/unit/15828; Mankkaan päiväkoti: https://www.espoo.fi/en/unit/15490; Metsolan päiväkoti: https://www.espoo.fi/en/unit/68184; Niittykummun päiväkoti: https://www.espoo.fi/en/unit/15685; Niittymaan päiväkoti: https://www.espoo.fi/en/unit/15660; Pohjois-Tapiolan päiväkoti: https://www.espoo.fi/en/unit/15653; Purolan päiväkoti: https://www.espoo.fi/en/unit/57877; Seilimäen päiväkoti: https://www.espoo.fi/en/unit/15775; Silkkiniityn päiväkoti: https://www.espoo.fi/en/unit/15841; Taavinkylän lastentalo: https://www.espoo.fi/en/unit/15846; Tapiolan päiväkoti: https://www.espoo.fi/en/unit/15614; Tontunmäen päiväkoti: https://www.espoo.fi/en/unit/15646; Toppelundin päiväkoti: https://www.espoo.fi/en/unit/15723; Tuohimäen päiväkoti: https://www.espoo.fi/en/unit/15443; Westendinpuiston päiväkoti: https://www.espoo.fi/en/unit/15804";13.10.2025;This page lists all Finnish-language municipal day care centres in the Tapiola area.
Day care centres that offer Swedish language immersion;https://www.espoo.fi/en/childcare-and-education/early-childhood-education/day-care-centres-offer-swedish-language-immersion;All Finnish language municipal and private day care centres that offer Swedish language immersion in Espoo are listed below on this page.;All Finnish language municipal and private day care centres that offer Swedish language immersion in Espoo are listed below on this page.;"Espoon kielikylpypäiväkoti: https://www.espoo.fi/en/unit/20246; Länsiväylän kielikylpy Olari 1 - ruotsinkielinen kielikylpypäiväkoti: https://www.espoo.fi/en/unit/20287; Länsiväylän kielikylpy, Olari 2 - ruotsinkielinen kielikylpypäiväkoti: https://www.espoo.fi/en/unit/72753; Länsiväylän kielikylpy, Tapiola - ruotsin kielen kielikylpypäiväkoti: https://www.espoo.fi/en/unit/20243; Silkkiniityn päiväkoti: https://www.espoo.fi/en/unit/15841; Yläkartanon päiväkoti: https://www.espoo.fi/en/unit/15810";13.10.2025;A directory listing Espoo's municipal and private Finnish-language day care centres that offer Swedish language immersion.
Demolition permit and notice of demolition;https://www.espoo.fi/en/services/demolition-permit-and-notice-demolition;"A demolition permit is required for the demolition of a building or part thereof. A permit is not required for the demolition of an outbuilding and any similar minor building, unless the building is considered to be of historical significance, architectural value or part of such an entity. Unless a permit is required for the demolition of the building or part thereof, a written notice of demolition must be submitted.  

A building or part of a building may not be demolished without a permit in a town plan area or in an area where there is a building prohibition referred to in Section 53 of the Land Use and Building Act in force to prepare a town plan. A permit is also required if the master plan so dictates. A demolition permit is subject to the condition that the demolition does not entail the destruction of heritage, beauty or other values contained in the built environment and does not impede the realisation of land use planning.";A demolition permit is required for the demolition of a building or part thereof. A permit is not required for the demolition of an outbuilding and any similar minor building, unless the building is considered to be of historical significance, architectural value or part of such an entity. Unless a permit is required for the demolition of the building or part thereof, a written notice of demolition must be submitted. ;Espoo Building Control: https://www.espoo.fi/en/unit/21970;13.10.2025;Provides the process to obtain a demolition permit or submit a notice of demolition for demolishing buildings or parts thereof, with exceptions for certain minor outbuildings and conditions to protect heritage and comply with land-use planning.
Deviating from the town plan;https://www.espoo.fi/en/services/deviating-town-plan;Deviating from the regulations of the valid town plan is subject to a deviation permit, which must be obtained before applying for a building permit. A slight deviation to be resolved in connection with the building permission procedure is defined by the building inspection authority. Sometimes deviating from the regulations of the town plan requires changing the town plan. Before submitting an application for deviating from the town plan, contact the town plan designer/engineer of the planning area at the City Planning Department or the Building Control permit drafter. Application forms with instructions are available at the Environment and Technical Services customer service, they can be printed from the City of Espoo website, or the application can be submitted electronically through the electronic service for construction and land use. More detailed instructions can be found on the website of the City of Espoo.;Deviating from the regulations of the valid town plan is subject to a deviation permit, which must be obtained before applying for a building permit. A slight deviation to be resolved in connection with the building permission procedure is defined by the building inspection authority. Sometimes deviating from the regulations of the town plan requires changing the town plan. Before submitting an application for deviating from the town plan, contact the town plan designer/engineer of the planning area at the City Planning Department or the Building Control permit drafter.;"City Planning Department: https://www.espoo.fi/en/unit/21969; Urban Environment Customer Service: https://www.espoo.fi/en/unit/63749; Asemakaavasta poikkeaminen: https://www.espoo.fi/fi-FI/Asuminen_ja_ymparisto/Asiakaspalvelu/Luvat_ja_ohjeet/Maankayton_luvat/Asemakaavasta_poikkeaminen/Asemakaavasta_poikkeaminen(130365)";13.10.2025;Assists applicants in obtaining a deviation permit to depart from the valid town plan for building projects, including guidance from planning authorities, potential town plan changes, and access to required application forms (online or in person).
Digital support in Espoo;https://www.espoo.fi/en/city-and-decision-making/customer-service-and-e-services/digital-support-espoo;"Do you need help with online services? In Espoo, digital support is available from a variety of providers, such as Espoo Infos, libraries, various organisations and Omnia Adult Education Centre. Several volunteer associations and peer counsellors also provide digital support. In addition, authorities will help you use their own online services.

The purpose of digital support is to guide and assist in autonomous and safe use of electronic services and smart devices.

The person providing the support cannot use the services on your behalf or, for example, handle your online banking credentials or other means of authentication required for using the services.";Do you need help with online services? In Espoo, digital support is available from a variety of providers, such as Espoo Infos, libraries, various organisations and Omnia Adult Education Centre. Several volunteer associations and peer counsellors also provide digital support. In addition, authorities will help you use their own online services.;"Espoo info Service Point Kalajärvi: https://www.espoo.fi/en/unit/53545; Espoo info Service Point Leppävaara: https://www.espoo.fi/en/unit/53542; Espoo info Service Point Matinkylä: https://www.espoo.fi/en/unit/53503; Hello Espoo Info: https://www.espoo.fi/en/unit/63873";13.10.2025;Digital support in Espoo provides guidance and assistance to use online services and smart devices safely and independently, offered by libraries, organizations, and authorities, with providers who do not act on behalf of users or handle credentials.
Disc golf courses;https://www.espoo.fi/en/sports-and-nature/outdoor-exercise-facilities/disc-golf-courses;Disc golf is a fun activity that allows you to practice your accuracy while spending time outdoors. In Espoo, we have a variety of disc golf courses, for example in Laaksolahti and in the Espoonlahti sports park.;Disc golf is a fun activity that allows you to practice your accuracy while spending time outdoors. In Espoo, we have a variety of disc golf courses, for example in Laaksolahti and in the Espoonlahti sports park.;"Äijänpelto disc golf course: https://www.espoo.fi/en/unit/60115; Espoonlahti sports park / Disc golf course (3): https://www.espoo.fi/en/unit/54025; Iso Vasikkasaari / Disc golf course: https://www.espoo.fi/en/unit/51447; Juvanpuiston koulu (school) / Disc golf course (3): https://www.espoo.fi/en/unit/50343; Latokaski residents' park / Disc golf training area: https://www.espoo.fi/en/unit/57325; Mainingin koulu (school) / Disc golf training area (3): https://www.espoo.fi/en/unit/57420; Oittaa Disc golf course: https://www.espoo.fi/en/unit/39515; Puolarmaari disc golf course: https://www.espoo.fi/en/unit/50177; Taavinkylän koulu (school) / Disc golf course: https://www.espoo.fi/en/unit/51448";13.10.2025;Disc golf courses in Espoo provide outdoor venues to practice accuracy and enjoy disc golf at locations such as Laaksolahti and Espoonlahti sports park.
Discretionary expense allowance;https://www.espoo.fi/en/services/discretionary-expense-allowance;"You may receive discretionary expense allowance if you incur costs for participating in a service.

Employment services may grant you discretionary expense allowance when you participate in a service that supports your employment as agreed in your employment plan or a plan replacing it. You can receive compensation from the Employment services if you incur inevitable costs for participating in a service and you do not receive unemployment security from Kela or an unemployment fund.

Expense allowance can be paid for your participation in
- labour market training
- work trial
- training trial
- career coaching
- job search coaching
- independent study as an integration client.

Expense allowance is usually nine euros per day. You can receive expense allowance for up to five days a week and only for those days when you participate in the agreed service. Expense allowance is not paid for holidays or absences, for example.

The expense allowance is 18 euros a day if the service is provided outside your labour market region. The expense allowance will also be 18 euros when the service is provided outside Espoo and you have accommodation expenses.";You may receive discretionary expense allowance if you incur costs for participating in a service.;"Espoo Employment Services, office in Sello: https://www.espoo.fi/en/unit/76109; Espoo Employment Services, Piispanportti office: https://www.espoo.fi/en/unit/63889";13.10.2025;Discretionary expense allowance is a payment from employment services to cover unavoidable participation costs for eligible employment-related services (labour market training, work or training trials, career coaching, job search coaching, and independent study as an integration client), usually 9 euros per day (18 euros if the service is outside your labour market region), payable for up to five days per week on days you participate and only if you are not receiving unemployment security.
Disposal of waste in the ground, notification;https://www.espoo.fi/en/services/disposal-waste-ground-notification;"The Environment and Building Control Department must be contacted about the use of waste in excavation or other disposal of waste in the ground before starting the activity.

The holder of a property must notify the Environment and Building Control Department in writing about the disposal of waste other than garden waste and composted food or lavatory waste in the ground, unless the disposal requires an environmental permit or another statutory notification because of the amount of waste. The notification must be made at least 30 days before the disposal of the waste. The notification must be appended with any analysis results describing the environmental acceptability of the waste, a map drawing of the disposal site and an account of how the waste is to be placed in the ground.

A person planning the disposal of waste in the ground should be in contact with the Environment and Building Control Department well before starting the operation.";The Environment and Building Control Department must be contacted about the use of waste in excavation or other disposal of waste in the ground before starting the activity.;Environmental protection services: https://www.espoo.fi/en/unit/66794;13.10.2025;Prior written notification to the Environment and Building Control Department is required before disposing waste in the ground, to be submitted at least 30 days before the disposal and include waste analysis results, a site plan, and details of how the waste will be placed, for waste other than garden waste and composted food or lavatory waste, unless the disposal already requires an environmental permit or another statutory notification due to the waste amount.
Dog beach;https://www.espoo.fi/en/services/dog-beach;"The dog beach is a partially fenced area where dogs can swim.

Dogs may swim at the marked and mostly fenced swimming place in Toppelund, Haukilahti, near the public beach. There are also benches and a table. Dog-friendly areas are also marked on the Helsinki region service map.";The dog beach is a partially fenced area where dogs can swim.;"Toppelund dog beach: https://www.espoo.fi/en/unit/66814; Give feedback: https://easiointi.espoo.fi/eFeedback/en; Espoo Map service: https://kartat.espoo.fi/IMS/en/Map; Report a problem: https://easiointi.espoo.fi/eFeedback/en/Feedback/31-Vikailmoitukset";13.10.2025;Dog Beach is a partially fenced area where dogs can swim near the public beach, with benches and marked dog-friendly zones on the Helsinki region map.
Dog parks;https://www.espoo.fi/en/services/dog-parks;"Espoo has parks for dogs around the city, this means fenced areas.

Dog parks are fenced areas for dogs. Many of our dog parks have separate areas for small and large dogs. Your dog can safely run and play with other dogs off the leash in a dog park. 

Please remember that you are always responsible for your dog. Without permission, you cannot let your dog off the leash in a public area.

A dog beach is a fenced area where dogs can swim. There is one in Haukilahti, near the Toppelund public beach, at Mellstenintie 4.

You can find all dog parks and the Haukilahti dog beach in the Espoo map service and on the capital region service map.";Espoo has parks for dogs around the city, this means fenced areas.;"Iivisniemenpelto dog park: https://www.espoo.fi/en/unit/27510; Jupperinmetsä dog park: https://www.espoo.fi/en/unit/27528; Karamzin park dog park: https://www.espoo.fi/en/unit/27508; Kauklahti sports park dog enclosure: https://www.espoo.fi/en/unit/76661; Kellaripuisto (Kilo) dog park: https://www.espoo.fi/en/unit/27514; Kirkkojärvenpuisto dog park: https://www.espoo.fi/en/unit/66844; Kivenlahti dog park: https://www.espoo.fi/en/unit/27512; Kurkijoenpuisto dog park: https://www.espoo.fi/en/unit/27523; Laitniemi (Niipperi) Dog Park: https://www.espoo.fi/en/unit/73545; Lasipuisto dog park: https://www.espoo.fi/en/unit/27527; Lintukorpi dog park: https://www.espoo.fi/en/unit/57547; Lukupuro dog park: https://www.espoo.fi/en/unit/27522; Nöykkiönpuisto dog park: https://www.espoo.fi/en/unit/27509; Olari dog park: https://www.espoo.fi/en/unit/27521; Palokaivonpuisto dog park: https://www.espoo.fi/en/unit/27517; Pisahills dog park: https://www.espoo.fi/en/unit/27511; Rantametsä dog park: https://www.espoo.fi/en/unit/27524; Riilahdenpuisto dog park (Soukka): https://www.espoo.fi/en/unit/27513; Saarnilaakso dog park: https://www.espoo.fi/en/unit/27529; Tonttumaanpuisto dog park: https://www.espoo.fi/en/unit/74084; Toppelund dog beach: https://www.espoo.fi/en/unit/66814; Turvesuonpuisto dog park: https://www.espoo.fi/en/unit/35324; Tuuliniitty dog park: https://www.espoo.fi/en/unit/27525; Vävarsinhaka dog park in Suurpelto: https://www.espoo.fi/en/unit/63121; Vermonpuisto dog park: https://www.espoo.fi/en/unit/35325; Viherkallionpuisto dog park: https://www.espoo.fi/en/unit/27518; Helsinki Region Service Map : https://palvelukartta.hel.fi/en/; Give feedback or ask us about dog parks: https://easiointi.espoo.fi/eFeedback/en; Espoo Map Service : https://kartat.espoo.fi/IMS/en/Map; Dog beach in Haukilahti : https://www.espoo.fi/en/services/dog-beach; Dog park programme 2023–2033 and dog park rules: https://www.espoo.fi/en/dog-park-programme-and-rules#dog-park-programme-18354; Report a problem: https://easiointi.espoo.fi/eFeedback/en/Feedback/31-Vikailmoitukset";13.10.2025;Espoo's dog parks provide fenced off-leash areas (often with separate sections for small and large dogs) and a dog beach, with locations shown in the Espoo map service.
Dumping of dredging waste;https://www.espoo.fi/en/services/dumping-dredging-waste;"Soft dredging waste that cannot be used for other purposes may be dumped in a designated sea area next to Rövargrundet in Espoo. Only Espoo-based dredging waste can be dumped in the area. 

The dredging waste may only contain minor levels of harmful substances. To dump dredging waste, you need a water permit issued by the Regional State Administrative Agency for Southern Finland.

You must apply for a permit to dump dredging waste next to Rövargrundet from the Public Works Department. Permit applications and instructions for applying for the license and dumping dredging waste:

Tarja Bäck, Environmental Technology Engineer, e-mail: tarja.back@espoo.fi, tel. 040 6394594";Soft dredging waste that cannot be used for other purposes may be dumped in a designated sea area next to Rövargrundet in Espoo.;Give feedback: https://easiointi.espoo.fi/eFeedback/en;13.10.2025;Allows the dumping of soft dredging waste that cannot be reused in the designated sea area near Rövargrundet, Espoo, under a water permit from the Regional State Administrative Agency for Southern Finland, via an application to the Public Works Department.
Early childhood education as special care;https://www.espoo.fi/en/childcare-and-education/early-childhood-education/early-childhood-education-special-care;"In the case of children with intellectual disabilities, early childhood education can be provided as special care.

In the case of children with intellectual disabilities, early childhood education can be provided as special care if
-the need is based on ensuring the individual care of the child
-the purpose of the day care is to promote the child's ability to perform their daily activities.
A diagnosis of intellectual disability is not in itself a sufficient reason to include day care in a special care programme.";In the case of children with intellectual disabilities, early childhood education can be provided as special care.;N/A;13.10.2025;Provides early childhood education as special care for children with intellectual disabilities when individualized care is needed and the focus is on enabling daily activities, not merely on the diagnosis.
Easement survey;https://www.espoo.fi/en/services/easement-survey;"A permanent right of use, i.e. an easement, may be established to benefit a plot in the area of another plot. An easement established in this procedure remains valid even if the plot owners change.  

The most common easements are road easements and various types of easements regarding water and sewerage pipes, power cables, etc., and easements established for keeping cars. An easement may also be established for a waste collection place. Easements are established at the request of the owner in connection with the parcelling procedure or in a separate easement survey, and their establishment usually requires an easement agreement between the plot owners. The application can be submitted either through the electronic service (online application) or by sending it by post. 

The establishment of an easement in connection with plot parcelling costs €130 per easement. A separate easement survey, establishing 1 easement, costs €500. The cost of each subsequent easement is €130. The easement survey takes approximately 1-2 months. In urgent cases, the applicant can speed up the process by obtaining written acceptance for it from all parties. ";A permanent right of use, i.e. an easement, may be established to benefit a plot in the area of another plot. An easement established in this procedure remains valid even if the plot owners change. ;"City Surveying services: https://www.espoo.fi/en/unit/21972; Acceptance - Easement survey: https://static.espoo.fi/cdn/ff/O8XvSG8HqXhpzLPQOQsc8NribkmR1rIIhFBVD0FKfGw/1632725701/public/2021-09/EN%20Hyv%C3%A4ksynt%C3%A4_rasitetoimitus.pdf; Application - Cadastral procedure: https://static.espoo.fi/cdn/ff/caHRnx7WBeFcTjGHvGe_fT8wiplOdxQKnx45V1-PcwU/1632727351/public/2021-09/EN%20Kiinteist%C3%B6toimitushakemus_0.pdf; Online application (You can only submit an application in Finnish and Swedish): https://easiointi.espoo.fi/ePermit/; Cadastral procedure fee 1.1.2024: https://static.espoo.fi/cdn/ff/vjF7qqcPAW7ohiKWNsxidSX-4PwHeluNbgLIwvqL0lI/1702902535/public/2023-12/Cadastral%20proceture%20fee%201.1.2024_2.pdf";13.10.2025;This service creates and records permanent easements (rights of use) on a property for roads, utilities, parking, and similar uses, typically during parceling or via a separate easement survey, requiring an easement agreement between owners and applicable fees.
Education of language and cultural groups;https://www.espoo.fi/en/childcare-and-education/basic-education/studying-comprehensive-school/education-language-and-cultural-groups;In Espoo, pupils belonging to foreign language and cultural groups are arranged preparatory education, Finnish as a second language education, pupil's own mother tongue education and intensified support after preparatory education (MMO support).;In Espoo, pupils belonging to foreign language and cultural groups are arranged preparatory education, Finnish as a second language education, pupil's own mother tongue education and intensified support after preparatory education (MMO support).;N/A;13.10.2025;The service provides preparatory education, Finnish as a second language instruction, mother tongue education, and intensified post-preparatory support (MMO) for pupils from foreign language and cultural groups in Espoo.
Educational services of the City Museum;https://www.espoo.fi/en/services/educational-services-city-museum;"The museum offers educational services for learners of all ages. These include guided tours and activities such as work performances and workshops.

The museum offers educational services for learners of all ages: day-care centres, schools, different educational institutions, universities as well as various organisations, associations and clubs. The museum also supports immigrants' integration into their new home country. Educational curators and museum guides provide guidance for groups upon request at the locations of the museum and also outside the museum by agreement. The offering also includes activities, entertainment, themed guided tours and workshops.

Museum visits by day-care centres, schools and educational institutions are free of charge. The museum visit must be reserved at least three days before the desired time.

Contact information:
kaupunginmuseo(at)espoo.fi";The museum offers educational services for learners of all ages. These include guided tours and activities such as work performances and workshops.;KAMU Espoo City Museum: https://www.espoo.fi/en/unit/20405;13.10.2025;Educational services at the City Museum offer guided tours, workshops, and themed activities for learners of all ages, with on-site or off-site delivery, free visits for schools and day-care centers, and support for immigrant integration, all available by advance reservation.
Electric vehicle charging points;https://www.espoo.fi/en/services/electric-vehicle-charging-points;"Public charging points offer an excellent opportunity to charge an electric vehicle while doing other things. 

In Espoo, there are a few public EV charging points at sports venues and shopping centres and also street areas.";In Espoo, there are a few public EV charging points at sports venues and shopping centres and also street areas.;"Charging station for electric vehicle, Espoonlahti sports park: https://www.espoo.fi/en/unit/60098; Charging station for electric vehicle, Huvilinnantie: https://www.espoo.fi/en/unit/64658; Charging station for electric vehicle, Leppävaara: https://www.espoo.fi/en/unit/60099; Charging station for electric vehicle, Mäntyviita: https://www.espoo.fi/en/unit/64677; Charging station for electric vehicle, Naavakalliontie: https://www.espoo.fi/en/unit/64676; Charging station for electric vehicle, Nature center Haltia: https://www.espoo.fi/en/unit/58514; Charging station for electric vehicle, Nokkala boat harbour: https://www.espoo.fi/en/unit/60181; Charging station for electric vehicle, Nuottaniemi marina: https://www.espoo.fi/en/unit/66788; Charging station for electric vehicle, Oittaa: https://www.espoo.fi/en/unit/59432; Charging station for electric vehicle, park-and-ride: https://www.espoo.fi/en/unit/58515; Charging station for electric vehicle, Rummunlyöjankatu: https://www.espoo.fi/en/unit/64675";13.10.2025;Public electric vehicle charging points in Espoo allow drivers to recharge their EVs while they engage in other activities at sports venues, shopping centres, or street areas.
Employment services for employers;https://www.espoo.fi/en/services/employment-services-employers;"Employment services can help you find and recruit an employee.


As an employer, the employment authority provides you with advice and assistance in filling a vacancy and information on your sector's jobseekers and the labour market situation. Financial support may be granted to employers if the person employed is unemployed or the person's disability or illness requires other support.

Employment services for employers include the publication of jobs, the provision of information on vacancies, the application and presentation of jobseeker candidates, and the organisation of recruitment events.";"Employment services can help you find and recruit an employee.
";"Espoo Employment Services, office in Sello: https://www.espoo.fi/en/unit/76109; Espoo Employment Services, Piispanportti office: https://www.espoo.fi/en/unit/63889";13.10.2025;A service for employers that helps publish vacancies, access jobseeker information and candidates, organize recruitment events, and provide advisory support (with potential financial assistance for eligible hires).
Employment services for immigrants;https://www.espoo.fi/en/services/employment-services-immigrants;"By registering yourself as a jobseeker, you become a customer of the Employment services and you can start job seeking.

When you register as a jobseeker, you start your job search and customer relationship with the Employment services in Espoo. As a jobseeker, you can apply for unemployment benefit from Kela or your unemployment fund.

The Employment services advises and guides you in applying for work and offers other services that help you integrate and get work. Such services may include integration training and multilingual social orientation, where you can find information about Finnish society.

The initial interview or the assessment of the competence and integration service needs examines your study and work history, language skills and other matters affecting your integration and employment. In addition, your language, reading and writing skills may be tested.

An integration plan supports your integration in Finland. It agrees on Finnish or Swedish language studies that correspond to your study skills and on participation in services that promote employment that best suit your situation.";By registering yourself as a jobseeker, you become a customer of the Employment services and you can start job seeking.;"Espoo Employment Services, office in Sello: https://www.espoo.fi/en/unit/76109; Espoo Employment Services, Piispanportti office: https://www.espoo.fi/en/unit/63889; E-services: https://tyomarkkinatori.fi/en/personal-customers/official-matters";13.10.2025;An immigrant-focused employment service that guides and supports jobseekers—from registration and assessment to language study and a personalized integration plan—to help them find work and access unemployment benefits.
Employment subsidy for people aged 55 or over;https://www.espoo.fi/en/services/employment-subsidy-people-aged-55-or-over;"The employment subsidy is a financial subsidy for employers for the salary costs of an unemployed jobseeker aged 55 or over.

The employment subsidy is a benefit intended to promote the employment of unemployed jobseekers aged 55 or over that an employment authority can grant to an employer to cover pay costs. The purpose of the subsidy is to promote the employment of people aged 55 or over by improving their professional skills or entrepreneurial skills. The subsidy is granted and paid to the employer, but its granting is always based on the unemployed jobseeker's service need.

The employment subsidy requires that the unemployed jobseeker hired for the employment relationship has reached the age of 55 and has been unemployed for at least 24 months in the 28 months immediately preceding the granting of the subsidy.

An employment subsidy may be granted for a full-time employment contract valid until further notice or a fixed-term full-time employment contract. The person hired with the subsidy must work for the recipient for at least 25 hours a week. If the regular working hours in the sector are less than 37.5 hours per week, the working hours must be at least 65 per cent of the regular working hours in the sector.

The unemployed jobseeker's employment plan or pay subsidy card includes a mention of the subsidy.

The amount of employment subsidy is 70 per cent of the wage costs. The aid may be granted for a period of 10 months but not longer than the duration of the employment relationship. The maximum amount of employment subsidy paid is €1,770 per month. The pay covered with the subsidy is the pay subject to withholding tax that is paid to the employee on the basis of working hours or the performance of a contract.";The employment subsidy is a financial subsidy for employers for the salary costs of an unemployed jobseeker aged 55 or over.;"Espoo Employment Services, office in Sello: https://www.espoo.fi/en/unit/76109; Espoo Employment Services, Piispanportti office: https://www.espoo.fi/en/unit/63889";13.10.2025;A wage subsidy provided to employers to cover 70% of the wages for hiring unemployed jobseekers aged 55 or over, for up to 10 months (maximum €1,770 per month) to promote their employment.
Energy;https://www.espoo.fi/en/services/energy;The city promotes the introduction of renewable energy sources in the city's construction and design operations and in the everyday lives of Espoo residents.;The city promotes the introduction of renewable energy sources in the city's construction and design operations and in the everyday lives of Espoo residents.;N/A;13.10.2025;The Energy service promotes the adoption of renewable energy in Espoo’s construction and design activities and in the daily lives of its residents.
Environmental education;https://www.espoo.fi/en/services/environmental-education;"Environmental education services such as nature excursions, schools and courses are available to people of all ages.

Environmental education supports individuals and organisations so that their values, knowledge, skills and operating methods become sustainable and their environmental awareness increases. In addition to information, experiences and personal action play an important part.

Support and inspiration for environmental education work can be obtained at Nature House Villa Elfvik, the Finnish Nature Centre Haltia, environmental education training courses and the Eco-Schools Programme.";Environmental education services such as nature excursions, schools and courses are available to people of all ages.;Nature House Villa Elfvik: https://www.espoo.fi/en/unit/27540;13.10.2025;Environmental education offers nature-based experiences, courses, and programs for people of all ages to cultivate sustainable values, knowledge, skills, and environmental awareness—and to encourage personal action.
Environmental education further training courses;https://www.espoo.fi/en/sports-and-nature/explore-nature/nature-house-villa-elfvik/environmental-education-further-training-courses;"Environmental education in schools and day-care centres of Espoo is supported by organising various environmental education training courses for the personnel.

Nature centres and schools of the Helsinki Metropolitan Area organise environmental education training for teachers, day-care personnel, educators and municipal residents. Environmental training provides skills to guide children and young people in nature and methods to handle everyday environmental issues.";Environmental education in schools and day-care centres of Espoo is supported by organising various environmental education training courses for the personnel.;Nature House Villa Elfvik: https://www.espoo.fi/en/unit/27540;13.10.2025;Offers professional development courses in environmental education for teachers, daycare personnel, educators, and residents in Espoo and the Helsinki Metropolitan Area, equipping them to guide children in nature and address everyday environmental issues.
Environmental permit;https://www.espoo.fi/en/services/environmental-permit;"An environmental permit is needed for activities causing risk of environmental contamination. The licensing requirement is based on the Environmental Protection Act and the decree adopted thereunder that defines the activities under the licensing requirement. 

Environmental permits are granted by municipalities and regional state administrative agencies. 

The granting of the permit requires, among other things, that the activity does not cause health hazards or other significant environmental contamination or its risk.

For certain activities, the environmental permit is replaced by a registering policy if the activity meets certain criteria.";An environmental permit is needed for activities causing risk of environmental contamination.;"Environmental protection services: https://www.espoo.fi/en/unit/66794; Apply for a permit: https://www.espoo.fi/en/housing-and-building/environmental-protection/environmental-supervision/environmental-supervision-permits-notifications-and-registration";13.10.2025;Provides environmental permits required by the Environmental Protection Act to authorize activities that may pose health or environmental risks, ensuring they do not cause significant contamination, with permits issued by municipalities or regional authorities (some activities may instead be covered by registration).
Environmental protection;https://www.espoo.fi/en/housing-and-building/environmental-protection;We serve as experts in matters relating mitigating and adapting to climate change, strengthening biodiversity and preventing environmental pollution as well as water systems. Environmental Protection also offers environmental education at Nature House Villa Elfvik.;We serve as experts in matters relating mitigating and adapting to climate change, strengthening biodiversity and preventing environmental pollution as well as water systems. Environmental Protection also offers environmental education at Nature House Villa Elfvik.;Environmental protection services: https://www.espoo.fi/en/unit/66794;13.10.2025;Environmental Protection provides expertise in climate change mitigation and adaptation, biodiversity conservation, pollution prevention (including water systems), and environmental education at Nature House Villa Elfvik.
Environmental supervision;https://www.espoo.fi/en/services/environmental-supervision;"The Environment supervision supervises activities causing risk of contamination of the environment. Certain activities require a notification or an application for permit to be submitted to the and Building Control Department or the Environment Committee.

The Environment supervision supervises the activities of various companies and operators according to the Environmental Protection Act and the Waste Act, for example. Certain activities are subject to permission or declaration according to the above-mentioned acts, decrees adopted thereunder or municipal regulations.

The Environment and Building Control Department can be informed about defects causing risk of environmental contamination. These may include unauthorised landfills, harmful emissions observed in water systems or air and other activities against the regulations concerning environmental protection.";The Environment supervision supervises activities causing risk of contamination of the environment. Certain activities require a notification or an application for permit to be submitted to the and Building Control Department or the Environment Committee.;"Environmental protection services: https://www.espoo.fi/en/unit/66794; Environmental supervision: https://www.espoo.fi/fi/asuminen-ja-rakentaminen/ymparistonsuojelu/ymparistovalvonta";13.10.2025;Environmental supervision monitors and regulates activities that could contaminate the environment, ensuring compliance with environmental protection and waste laws through permits, declarations, notifications, and reporting of environmental risks.
Espoo Region Environmental Health Services;https://www.espoo.fi/en/housing-and-building/espoo-region-environmental-health-services;"Environmental Health Services is responsible for the municipality's statutory duties related to health protection, food control, tobacco control and veterinary care.

Environmental Health Services is responsible for the municipality's statutory duties based on the Health Protection Act, Food Act, Veterinary Care Act, Tobacco Act and Medicines Act in Espoo, Kauniainen and Kirkkonummi.

The unit has an office in Otaniemi, Espoo, at Tekniikantie 15.

Water samples can be dropped off on Mondays by 11:00 to: Urban Environment Sector's customer service (2nd floor), Tekniikantie 15, 02150 Espoo

The Otaniemi customer service also provides sampling kits for well water sampling. The customer service point is open Mon-Fri 8:00-15:30.";Environmental Health Services is responsible for the municipality's statutory duties related to health protection, food control, tobacco control and veterinary care.;"City of Espoo veterinarians' office: https://www.espoo.fi/en/unit/64065; Espoo Region Environmental Health Services: https://www.espoo.fi/en/unit/21934";13.10.2025;Espoo Region Environmental Health Services enforces statutory health protection, food and tobacco controls, and veterinary care across Espoo, Kauniainen, and Kirkkonummi, and provides water sampling services from its Otaniemi office.
Espoo info;https://www.espoo.fi/en/city-and-decision-making/customer-service-and-e-services/espoo-info;"Espoo info provides general advice on the services offered by the City of Espoo and support in accessing these services. We also assist with the use of digital services provided by the City of Espoo and other public organizations. Feel free to ask for help if you don't know who to turn to or how to proceed.

We serve by phone, chat, service points, and email. You can also reach us via video call if you wish.";Espoo info provides general advice on the services offered by the City of Espoo and support in accessing these services.;"Espoo info Service Point Kalajärvi: https://www.espoo.fi/en/unit/53545; Espoo info Service Point Leppävaara: https://www.espoo.fi/en/unit/53542; Espoo info Service Point Matinkylä: https://www.espoo.fi/en/unit/53503";13.10.2025;Espoo info provides guidance on City of Espoo services and helps residents access and use them, including digital services, via phone, chat, service points, email, or video call.
Excavation permit and siting permit;https://www.espoo.fi/en/services/excavation-permit-and-siting-permit;Excavation in public areas, such as streets and parks, requires an excavation permit. The running of lines and structures also requires a siting permit. An excavation permit can only be applied for after a siting permit has been issued.;Excavation in public areas, such as streets and parks, requires an excavation permit.;"ePermit (only in Finnish and Swedish) : https://easiointi.espoo.fi/ePermit/fi/Account?ReturnUrl=%2FePermit%2Ffi%2FPermitApplicant; Cable and pipe information service: https://www.espoo.fi/en/services/cable-and-pipe-information-service; More about excavation permit and siting permit: https://www.espoo.fi/en/excavation-permit-and-siting-permit";13.10.2025;This service issues excavation permits for work in public areas and requires a preceding siting permit for running lines and structures, with excavation permits issued only after the siting permit has been issued.
Exemption from joining the water utility's water supply or sewerage network;https://www.espoo.fi/en/services/exemption-joining-water-utilitys-water-supply-or-sewerage-network;"Exemption from joining the water utility's water supply or sewerage network can be applied for.

According to the Water Services Act, a property located in the area covered by the water utility's water supply and sewerage network must join the network. The aim is to protect the environment and human health. 

It is possible to apply for exemption from the obligation. Its granting is conditional on, among other things, circumstances that make joining the network unreasonable, the sufficient availability of high-quality domestic water and the proper treatment of wastewater. The exemption is granted on a temporary basis. 
Exemption from the obligation can be applied for from the Environment and Building Control Department. The exemption can be granted if all exemption criteria listed in the Act on Water Services are met.";Exemption from joining the water utility's water supply or sewerage network can be applied for.;"Environmental protection services: https://www.espoo.fi/en/unit/66794; Environmental supervision: https://www.espoo.fi/en-US/Housing_and_environment/Environment_and_nature/Environmental_supervision";13.10.2025;This service enables property owners to apply for a temporary exemption from the obligation to join the water utility's water supply and sewerage network when joining is unreasonable and the statutory criteria are met.
Exercise counselling;https://www.espoo.fi/en/sports-and-nature/exercise-groups-and-courses/exercise-counselling;"How should I start exercising? What sport would suit me? What sports could I take up as a hobby?

We will give you information about your local sports and exercise opportunities. The exercise instructors will give free-of-charge counselling for exercise to residents of all ages, especially those just starting out. Exercise counselling is available in Espoo health centres and at the sports facilities.

You can book an exercise counselling appointment by phone. The personnel of the Western Uusimaa health services can also book an appointment with exercise counselling for you.
";The exercise instructors will give free-of-charge counselling for exercise to residents of all ages, especially those just starting out.;Read more about sports and exercise groups and courses: https://www.espoo.fi/en/sports-and-nature/guided-exercise;13.10.2025;Free exercise counselling for residents of all ages to help you start exercising, choose suitable activities, and discover local sport opportunities, with appointments bookable by phone.
Exercise for children and young people;https://www.espoo.fi/en/sports-and-nature/exercise-groups-and-courses/exercise-children-and-young-people;"In Espoo, we encourage children to exercise and adopt an active way of life, and we also take into account the demand for applied exercise.

Together with Espoo-based sports clubs and associations, we organise regular weekly sports and exercise activities for children and teens. We offer relaxed hobby groups where the children can try out different sports guided by instructors of different sports clubs. In sports clubs, the children have the chance to influence the activities.

Exercise is also available during school holidays when exercise events and try-outs for a wide variety of different sports are organised for children and youth.

The offered activities are mostly free of charge.
";In Espoo, we encourage children to exercise and adopt an active way of life, and we also take into account the demand for applied exercise.;N/A;13.10.2025;In Espoo, we offer free weekly sports activities and holiday try-outs for children and teens, plus relaxed hobby groups guided by local clubs, to promote an active lifestyle and youth participation.
Exercise for seniors;https://www.espoo.fi/en/sports-and-nature/exercise-groups-and-courses/exercise-seniors;"The City of Espoo offers diverse guided sports services for seniors.

The objective of guided exercise for seniors is maintaining and improving the participants' physical condition, improving their functional capacity and offering recreation. The selection includes different fitness classes, gym training, water exercises and ball games. 

All exercisers considering themselves as seniors are welcome to the groups.

The City of Espoo offers all residents aged 68 and above free-of-charge exercise services with its +68 Sports wristband.
";The City of Espoo offers diverse guided sports services for seniors.;N/A;13.10.2025;Espoo's free, guided senior exercise program for residents aged 68 and older, offering fitness classes, gym training, water exercises, and ball games to maintain and improve physical condition and functional capacity.
Exercise for special groups;https://www.espoo.fi/en/sports-and-nature/exercise-groups-and-courses/exercise-special-groups;"We offer a wide range of adapted groups of different sports. These groups are intended for people who find it difficult to take part in the general sports and exercise groups due to a disability, an illness or other factor affecting their functional capacity.

The objective for the diverse exercise activities is to maintain functional capacity and physical condition. The groups also serve as an important meeting place for the participants. The participants have the option to bring in their own assistant.

The Espoo Sports and Exercise Services also organises exercise opportunities for special groups in cooperation with different associations and societies. Participation in these jointly arranged courses does not require joining the organisation in question.
";We offer a wide range of adapted groups of different sports. These groups are intended for people who find it difficult to take part in the general sports and exercise groups due to a disability, an illness or other factor affecting their functional capacity.;N/A;13.10.2025;An adaptive sports program offering group activities for people with disabilities or reduced functional capacity to maintain fitness and social connections, with optional personal assistant support and collaboration with partner associations.
Exercise for working-age residents;https://www.espoo.fi/en/sports-and-nature/exercise-groups-and-courses/exercise-working-age-residents;"The exercise groups for working-age residents are aimed at Espoo residents of all physical conditions, with a particular emphasis on special groups.

The exercise groups for working-age residents are aimed at Espoo residents of all physical conditions. The objective is to increase the amount of exercise done by the residents and to offer sports services that maintain health and the ability to work. People who have not exercised for a long time are especially welcome. Sports Services organises health-promoting exercise also in collaboration with different associations and clubs. Participation in collaboration courses does not require joining the organisation.";The exercise groups for working-age residents are aimed at Espoo residents of all physical conditions, with a particular emphasis on special groups.;N/A;13.10.2025;Health-promoting exercise groups for Espoo’s working-age residents of all fitness levels (especially beginners) to increase physical activity and maintain health and work ability, organized in collaboration with partner associations and clubs with no membership required.
Exercise groups and courses;https://www.espoo.fi/en/sports-and-nature/exercise-groups-and-courses;"The objective of the guided exercise activities of the Sports and Exercise Services is to offer high-quality and easily accessible, low-cost or free sports and exercise groups for Espoo residents to whom regular exercise is exceptionally important or who do not exercise enough to maintain their health.

Sports instructors guide the sports groups requiring special competence and professional skills for people of all ages and fitness levels at several different locations across Espoo.

The guided sports and exercise groups intended for seniors and special groups are free of charge to Espoo residents ages 68 and above.

The guided activities strive to be accessible and adaptable to the participants. Participants should bring their own assistants if necessary.
";Sports instructors guide the sports groups requiring special competence and professional skills for people of all ages and fitness levels at several different locations across Espoo.;N/A;13.10.2025;This service offers high-quality, accessible, low-cost or free guided exercise groups and courses for Espoo residents of all ages and fitness levels, including free programs for seniors aged 68 and over, led by qualified instructors at multiple locations with adaptable activities and the option for participants to bring their own assistants if needed.
Extended transition security for employees aged 55 or over;https://www.espoo.fi/en/services/extended-transition-security-employees-aged-55-or-over;"In the event of dismissal, those aged 55 or over may receive extended transition security services that help them to re-employ quickly.

If you are dismissed from your employment relationship on production or financial grounds and you have turned 55, you may be entitled to extended transition security. The extended transition security services will support your rapid re-employment. 

Transition security for those aged 55 or over includes
- transition security allowance,
- transition security training and
- extended employment leave of 5, 15 or 25 days. 

The transition security allowance is, on average, equal to your one-month salary. The transition security allowance is paid by the institution paying the unemployment benefit, i.e. an unemployment fund or Kela. 

The purpose of the transition security training is to promote your re-employment. The training increases your professional skills or supports your business operations, and its content meets your training needs. The training may last up to six months and is organised by the employment authority. Participating in the training is voluntary. 

Under the Employment Contracts Act, your employer must inform you if you are entitled to transition security for those aged 55 or over. The obligation to provide information applies to all employers.";In the event of dismissal, those aged 55 or over may receive extended transition security services that help them to re-employ quickly.;"Espoo Employment Services, office in Sello: https://www.espoo.fi/en/unit/76109; Espoo Employment Services, Piispanportti office: https://www.espoo.fi/en/unit/63889";13.10.2025;Extended transition security for employees aged 55 or over provides financial support (about one month’s salary), transition training, and extended paid leave to help them re-enter employment quickly after dismissal on production or financial grounds.
Family day care;https://www.espoo.fi/en/childcare-and-education/early-childhood-education/family-day-care;Family day care is one form of early childhood education. It takes place in the home of the day care provider. A family day care provider can be an employee of the municipality or a self-employed person. The maximum number of children in a family day care group is four.;Family day care is one form of early childhood education. It takes place in the home of the day care provider. A family day care provider can be an employee of the municipality or a self-employed person. The maximum number of children in a family day care group is four.;N/A;13.10.2025;Family day care is a home-based early childhood education service where a provider cares for up to four children.
Fencing street and public areas;https://www.espoo.fi/en/services/fencing-street-and-public-areas;Street space should be rented when a street or a section of a street must be closed for construction work or the placing of a machine. Temporary fencing of streets and public areas and their use as storage or worksite area require renting of street space. The applications for rent permission with map attachments must be submitted through electric service at least one week beforehand.;Street space should be rented when a street or a section of a street must be closed for construction work or the placing of a machine.;"Urban Environment Customer Service: https://www.espoo.fi/en/unit/63749; Regulations and guidelines for the capital region 2025 (available in Finnish only): https://kuntatekniikka.fi/wp-content/uploads/2025/04/32694094_PKS_A5-ohje_web-2025.pdf";13.10.2025;Provides permits to rent street space for temporary fencing, street closures, or use of streets and public areas as storage or a worksite, with online applications (including map attachments) submitted at least one week before work begins.
Final review and partial final review;https://www.espoo.fi/en/services/final-review-and-partial-final-review;A building or part of it can be taken into use when the required reviews have been carried out, the necessary documents have been submitted, the inspections have been made and the object has been approved for use in the final review.;A building or part of it can be taken into use when the required reviews have been carried out, the necessary documents have been submitted, the inspections have been made and the object has been approved for use in the final review.;Espoo Building Control: https://www.espoo.fi/en/unit/21970;13.10.2025;This service permits the use of a building or part of it once all required reviews, documents, and inspections are completed and final approval is granted.
Financial Services contact information;https://www.espoo.fi/en/services/financial-services-contact-information;"The City of Espoo sends and receives invoices.

Espoo's Financial Services is responsible for sending sales invoices to Espoo residents and other customers. Invoices are based on the services provided for customers.

We receive purchase invoices as e-invoices from our suppliers and service providers.


The City of Espoo sends and receives invoices.

Espoo's Financial Services is responsible for sending sales invoices to Espoo residents and other customers. Invoices are based on the services provided for customers.

We receive purchase invoices as e-invoices from our suppliers and service providers.";"The City of Espoo sends and receives invoices.

Espoo's Financial Services is responsible for sending sales invoices to Espoo residents and other customers. Invoices are based on the services provided for customers.

We receive purchase invoices as e-invoices from our suppliers and service providers.
";Invoices to and from the City of Espoo: https://www.espoo.fi/en/city-and-decision-making/invoices-and-city-espoo;13.10.2025;The City of Espoo's Financial Services handles the invoicing process by issuing sales invoices to residents and customers for services provided and by receiving supplier purchase invoices as e-invoices.
Fitness trails;https://www.espoo.fi/en/sports-and-nature/outdoor-recreation-routes/fitness-trails;A number of fitness trails meander around the diverse terrains of Espoo. The trails are for fitness training and exercise. Some of the trails include places where you can improve your muscular fitness. Many of the trails are used as ski tracks in the wintertime. Dog-walking is prohibited on fitness trails that are marked with an asterisk (*). (Sports and Exercise Committee, 13 May, 2004). The fitness trails are lit until 10 pm.;A number of fitness trails meander around the diverse terrains of Espoo. The trails are for fitness training and exercise.;"Espoon Keskuspuisto / Fitness trail: https://www.espoo.fi/en/unit/53560; Espoonlahti fitness trail: https://www.espoo.fi/en/unit/50814; Hanikka fitness trail: https://www.espoo.fi/en/unit/53539; Haukilahti fitness trail: https://www.espoo.fi/en/unit/54071; Kalajärvi fitness trail: https://www.espoo.fi/en/unit/54086; Karakallio fitness trail: https://www.espoo.fi/en/unit/54079; Kauklahti fitness trail: https://www.espoo.fi/en/unit/54083; Laaksolahti fitness trail: https://www.espoo.fi/en/unit/54074; Leppävaara fitness trail 2,0km: https://www.espoo.fi/en/unit/54315; Leppävaara fitness trail 2,7km (GPS): https://www.espoo.fi/en/unit/54325; Leppävaara fitness trail 5,5km (GPS): https://www.espoo.fi/en/unit/54332; Matinkylä fitness trail (GPS): https://www.espoo.fi/en/unit/54072; Oittaa fitness trail 1km (GPS): https://www.espoo.fi/en/unit/54323; Oittaa fitness trail 2,8km (GPS): https://www.espoo.fi/en/unit/54309; Oittaa fitness trail 4,6km (GPS): https://www.espoo.fi/en/unit/54312; Siikajärvi fitness trail (GPS): https://www.espoo.fi/en/unit/54324";13.10.2025;Espoo's fitness trails provide illuminated routes for outdoor fitness training across varied terrains, including areas for muscular-strength training and winter ski use, with dog-walking prohibited on trails marked with an asterisk.
Food control;https://www.espoo.fi/en/housing-and-building/environmental-health-services/food-control;"Food control in Espoo, Kirkkonummi and Kauniainen.

Our task is to protect consumers from potential health hazards caused by foodstuffs. Food control measures are targeted at both foodstuffs and the conditions under which they are produced, stored, served and sold.

Telephone service: Mondays and Wednesdays 9:00-11:00
09 816 23900
elintarvikevalvonta@espoo.fi";Food control in Espoo, Kirkkonummi and Kauniainen.;Espoo Region Environmental Health Services: https://www.espoo.fi/en/unit/21934;13.10.2025;Food control in Espoo, Kirkkonummi and Kauniainen protects consumers from health hazards by regulating and inspecting food production, storage, handling, and sale.
Football halls;https://www.espoo.fi/en/sports-and-nature/football-halls;;;Laaksolahti football hall: https://www.espoo.fi/en/unit/39621;13.10.2025;No description available to summarize.
Forest felling;https://www.espoo.fi/en/services/forest-felling;Forest felling requires a landscape work permit in the town plan area and areas where there is a building prohibition to prepare a town plan or where the permit has been determined as mandatory to prepare or change a master plan. The operations also require a permit in the master plan and detailed shore plan areas, if the plan so dictates. A person carrying out earthworks, tree-felling or corresponding action altering the landscape is always responsible for ensuring that the necessary permits exist for the action. Application forms with instructions are available at the Environment and Technical Services customer service, they can be printed from the City of Espoo website, or the application can be submitted electronically through the electronic service for construction and land use. More detailed instructions can be found on the website of the City of Espoo.;Forest felling requires a landscape work permit in the town plan area and areas where there is a building prohibition to prepare a town plan or where the permit has been determined as mandatory to prepare or change a master plan. The operations also require a permit in the master plan and detailed shore plan areas, if the plan so dictates.;"City Planning Department: https://www.espoo.fi/en/unit/21969; Espoo Building Control: https://www.espoo.fi/en/unit/21970; Urban Environment Customer Service: https://www.espoo.fi/en/unit/63749";13.10.2025;This service assists in obtaining all required permits for forest felling and related earthworks in Espoo, including landscape, master plan, and shore plan approvals, with online or in-person application options.
Founding a nature reserve;https://www.espoo.fi/en/services/founding-nature-reserve;"Nature conservation is based on the Nature Conservation Act (1996). Its main goal is to maintain the diversity of nature. The means of nature conservation include protection of nature reserves, natural monuments, habitats and species.

The Espoo Environment Department prepares proposals for the protection of nature reserves as well as maintenance and usage plans that are ratified by the Uusimaa Centre for Economic Development, Transport and the Environment. The protection of natural monuments is decided upon by the Environment Committee.
Any maintenance operations are ordered by the Environment Department and carried out by the Public Works Department.";Nature conservation is based on the Nature Conservation Act (1996). Its main goal is to maintain the diversity of nature. The means of nature conservation include protection of nature reserves, natural monuments, habitats and species.;Environmental protection services: https://www.espoo.fi/en/unit/66794;13.10.2025;Founding a nature reserve designates protected areas under the Nature Conservation Act to preserve biodiversity, with the Espoo Environment Department proposing protections and maintenance/usage plans, ratified by the regional authority, and maintenance operations ordered by the Environment Department and carried out by the Public Works Department.
General upper secondary education;https://www.espoo.fi/en/childcare-and-education/lukiokoulutus-englanninkielinen/general-upper-secondary-education;"In general upper secondary school, students study a variety of subjects such as mother tongue, foreign languages, mathematics, nature sciences, humanities, social sciences, religion or ethics, health and sports education as well as arts and physical education subjects.

In general upper secondary school, students study a variety subjects such as mother tongue, foreign languages, mathematics, nature sciences, humanities, social sciences, religion or ethics, health and sports education as well as arts and physucal education subjects.

Genreal upper secondary education studies are divided into compulsory, supplementary and applied courses. Students choose their own courses and progress in their studies according to their personal study plan. Certain subjects can be weighted in general upper secondary school, in which case there are more supplementary and applied courses available in those subjects. A general upper secondary school may also have a line/programme that is separately applied for in the joint application. In the line, the instruction of a particular subject is more extensive and in-depth, and there are more courses available in that subject.";In general upper secondary school, students study a variety of subjects such as mother tongue, foreign languages, mathematics, nature sciences, humanities, social sciences, religion or ethics, health and sports education as well as arts and physical education subjects.;"Espoon Steinerkoulu: https://www.espoo.fi/en/unit/15315; Espoon yhteislyseo: https://www.espoo.fi/en/unit/15343; Espoonlahden lukio: https://www.espoo.fi/en/unit/15377; Etelä-Tapiolan lukio: https://www.espoo.fi/en/unit/15359; Haukilahden lukio: https://www.espoo.fi/en/unit/15415; Kuninkaantien lukio: https://www.espoo.fi/en/unit/15431; Leppävaara Upper Secondary school: https://www.espoo.fi/en/unit/15390; Matinkylän lukio: https://www.espoo.fi/en/unit/73018; Mattlidens gymnasium: https://www.espoo.fi/en/unit/15307; Otaniemen lukio: https://www.espoo.fi/en/unit/61450; Tapiolan lukio: https://www.espoo.fi/en/unit/15348; Viherlaakson lukio: https://www.espoo.fi/en/unit/15424";13.10.2025;General upper secondary education provides a broad, flexible curriculum across core and elective subjects, allowing students to tailor their study through compulsory, supplementary, and applied courses via a personal study plan, with optional specialized lines or programs within joint applications.
General upper secondary education with a special educational mission;https://www.espoo.fi/en/services/general-upper-secondary-education-special-educational-mission;"The City of Espoo has two upper secondary schools that have a special educational mission and a course offering in accordance with that mission.

Students studying in specialised schools can leave out some national obligatory courses and instead choose courses/studies from the school's field of specialisation. The students are selected according to specific admission criteria found from the each school's website. The specialised school's special lines are applied to separately from other studies in the school.

Specialised schools:

Otaniemen lukio, mathematics and natural sciences general upper secondary school
Tapiolan lukio, music general upper secondary school";The City of Espoo has two upper secondary schools that have a special educational mission and a course offering in accordance with that mission.;"Otaniemen lukio: https://www.espoo.fi/en/unit/61450; Tapiolan lukio: https://www.espoo.fi/en/unit/15348";13.10.2025;Espoo's General upper secondary education with a special educational mission operates two specialized schools (Otaniemen lukio for mathematics and natural sciences, and Tapiolan lukio for music) where students may substitute some national obligatory courses with field-specific studies, chosen through each school's admission criteria.
Geographic information;https://www.espoo.fi/en/services/geographic-information;"The map and geographic information materials of the City of Espoo include the actual geographic information materials, the various map products produced from them and the registers maintained for different purposes. 

The Geographic Information unit provides assistance in matters relating to geographic information. The contact information can be found on the city's website and in the national index of geographic information. E-mail: karttatilaus@espoo.fi";The map and geographic information materials of the City of Espoo include the actual geographic information materials, the various map products produced from them and the registers maintained for different purposes.;"Spatial data and map service: https://www.espoo.fi/en/unit/63941; Urban Environment Customer Service: https://www.espoo.fi/en/unit/63749";13.10.2025;Provides access to the City of Espoo's geographic information and map products, maintains related registers, and offers assistance with geographic information matters.
Geotechnics;https://www.espoo.fi/en/services/geotechnics;"Information on the groundwater conditions and geotechnical site investigations in the city, as well as information on soil suitability for building and how to prepare for the occurrence of radon.

For some 50 years, the Geotechnical Unit has compiled data on the soil, including data on about 280,000 individual drillings. Geotechnical analysis and groundwater data, soil maps, bedrock maps and constructability maps, cost data, and information on different foundation methods are available.

Soil factors should be taken into account as one cost factor already when purchasing a plot, or no later than when a building is sited on the plot and the foundation method for the building studied.  In addition, information on how to take radon into consideration in construction is provided.

Customer service: geo@espoo.fi";Information on the groundwater conditions and geotechnical site investigations in the city, as well as information on soil suitability for building and how to prepare for the occurrence of radon.;Geotechnics and soil: https://www.espoo.fi/en/geotechnics-and-soil;13.10.2025;Geotechnics provides comprehensive city-wide geotechnical information and analyses—groundwater conditions, soil suitability for building, radon considerations, and foundation methods—based on decades of drill data, soil/bedrock maps, and constructability data to guide plot purchase, site selection, and construction planning.
Grants for Culture;https://www.espoo.fi/en/culture-and-leisure/grants-culture;"Espoo cultural organisations and professional artists can apply for grants for their activities.

The City of Espoo awards annual grants for culture, event and project grants, development grants and artist grants.

Annual grants are intended for art and cultural communities in Espoo. Event and project grants support arts and culture programmes in different areas of the city. Development grants are intended for professional art and cultural communities and operators in creative fields in Espoo for the development of new forms of activity. Artist grants are also open for applications for work by professional artists in Espoo. 

Cultural grants are applied for either electronically or by submitting an application to the City of Espoo Registry Office. Please read the application dates and grant conditions carefully before submitting your application. 

The award of grants is decided by the Culture Committee, and the decisions are based on the city's strategic guidelines.";Espoo cultural organisations and professional artists can apply for grants for their activities.;Online application for cultural grants: https://www.espoo.fi/en/city-espoo/sahkoinen-asiointi/online-application-cultural-grants;13.10.2025;Espoo's Grants for Culture supports cultural organizations and professional artists through annual, event/project, development, and artist grants, with applications submitted electronically or to the City Registry Office and decisions made by the Culture Committee under the city's strategic guidelines.
Group family day care;https://www.espoo.fi/en/childcare-and-education/early-childhood-education/group-family-day-care;Group family day care is provided in small, family-like groups. It differs from family day care in that activities take place in a group family day care centre and there are always at least two employees per group.;Group family day care is provided in small, family-like groups. It differs from family day care in that activities take place in a group family day care centre and there are always at least two employees per group.;N/A;13.10.2025;Group family day care provides center-based child care in small, family-like groups with at least two staff members per group.
Group family day care centers in Espoon keskus;https://www.espoo.fi/en/childcare-and-education/early-childhood-education/group-family-day-care-centers-espoon-keskus;All Finnish language municipal group family day care centres in the Espoon keskus area are listed below on this page.;All Finnish language municipal group family day care centres in the Espoon keskus area are listed below on this page.;"Ryhmäperhepäiväkoti Jatulinniitty: https://www.espoo.fi/en/unit/15759; Ryhmäperhepäiväkoti Jolla: https://www.espoo.fi/en/unit/20374; Ryhmäperhepäiväkoti Kesäheinä: https://www.espoo.fi/en/unit/15615; Ryhmäperhepäiväkoti Klippinki: https://www.espoo.fi/en/unit/15850; Ryhmäperhepäiväkoti Nallekarhut: https://www.espoo.fi/en/unit/15801; Ryhmäperhepäiväkoti Ramsay: https://www.espoo.fi/en/unit/15631; Ryhmäperhepäiväkoti Suvituuli: https://www.espoo.fi/en/unit/15559";13.10.2025;This page provides a directory of Finnish-language municipal group family day care centers in the Espoon keskus area.
Group family day care centers in Leppävaara;https://www.espoo.fi/en/childcare-and-education/early-childhood-education/group-family-day-care-centers-leppavaara;All Finnish language municipal group family day care centres in the Leppävaara area are listed below on this page.;All Finnish language municipal group family day care centres in the Leppävaara area are listed below on this page.;"Ryhmäperhepäiväkoti Kissankulma: https://www.espoo.fi/en/unit/20303; Ryhmäperhepäiväkoti Peipponen: https://www.espoo.fi/en/unit/20311; Ryhmäperhepäiväkoti Peukaloinen: https://www.espoo.fi/en/unit/20315; Ryhmäperhepäiväkoti Ruusunlehvä : https://www.espoo.fi/en/unit/15569; Ryhmäperhepäiväkoti Satumaa: https://www.espoo.fi/en/unit/20319; Ryhmäperhepäiväkoti Torppa: https://www.espoo.fi/en/unit/20321; Ryhmäperhepäiväkoti Trilla: https://www.espoo.fi/en/unit/20322";13.10.2025;This page lists all Finnish-language municipal group family day care centers in the Leppävaara area.
Group family day care centers in Matinkylä-Olari;https://www.espoo.fi/en/childcare-and-education/early-childhood-education/group-family-day-care-centers-matinkyla-olari;All Finnish language municipal group family day care centres in the Matinkylä-Olari area are listed below on this page.;All Finnish language municipal group family day care centres in the Matinkylä-Olari area are listed below on this page.;Ryhmäperhepäiväkoti Karhunkolo: https://www.espoo.fi/en/unit/20262;13.10.2025;This page lists all Finnish-language municipal group family day care centers in the Matinkylä-Olari area.
Group family day care centres in Espoonlahti;https://www.espoo.fi/en/childcare-and-education/early-childhood-education/group-family-day-care-centres-espoonlahti;All Finnish language municipal group family day care centres in the Espoonlahti area are listed below on this page.;All Finnish language municipal group family day care centres in the Espoonlahti area are listed below on this page.;"Ryhmäperhepäiväkoti Aitola: https://www.espoo.fi/en/unit/15584; Ryhmäperhepäiväkoti Lehtikuusi: https://www.espoo.fi/en/unit/15794";13.10.2025;This page lists all Finnish-language municipal group family day care centres in the Espoonlahti area.
Group family day care centres in Tapiola;https://www.espoo.fi/en/childcare-and-education/early-childhood-education/group-family-day-care-centres-tapiola;All Finnish language municipal group family day care centres in the Tapiola area are listed below on this page.;All Finnish language municipal group family day care centres in the Tapiola area are listed below on this page.;"Ryhmäperhepäiväkoti Kalevala: https://www.espoo.fi/en/unit/20227; Ryhmäperheperhepäiväkoti Tuohiset: https://www.espoo.fi/en/unit/20231";13.10.2025;This page lists all Finnish-language municipal group family day care centres in the Tapiola area.
Gyms;https://www.espoo.fi/en/sports-and-nature/indoor-sports-facilities/gyms;"+68 Sports wristband owners


War veterans


Those caring for close relatives";"+68 Sports wristband owners


War veterans


Those caring for close relatives";"Espoonlahti Sports hall's Gym: https://www.espoo.fi/en/unit/39327; Espoonlahti Swimming Pool / Gym (upper floor): https://www.espoo.fi/en/unit/39485; Kalajärvi gym: https://www.espoo.fi/en/unit/39294; Kannusillanmäki Sports Hall / Gym 1: https://www.espoo.fi/en/unit/39524; Kannusillanmäki Sports Hall / Gym 2: https://www.espoo.fi/en/unit/53613; Keski-Espoo Swimming pool / Gym: https://www.espoo.fi/en/unit/39828; Laaksolahti Sports park / Gym: https://www.espoo.fi/en/unit/39496; Leppävaara Sports hall / Gym: https://www.espoo.fi/en/unit/39390; Leppävaara Sports park / Gym: https://www.espoo.fi/en/unit/39849; Leppävaara Sports park / Outdoor Gym Container: https://www.espoo.fi/en/unit/53751; Leppävaara Swimming pool / Gym: https://www.espoo.fi/en/unit/39340; Matinkylä swimming pool / Gym: https://www.espoo.fi/en/unit/69352; Multisport hall Kameleonten / Gym: https://www.espoo.fi/en/unit/74082; Olari gym: https://www.espoo.fi/en/unit/39371; Tapiola Sports hall / Gym: https://www.espoo.fi/en/unit/39356; Tuulimäki / Gym: https://www.espoo.fi/en/unit/39420";13.10.2025;A gym service offering inclusive fitness facilities and programs tailored to seniors (68+), war veterans, and caregivers.
Hello Espoo Info;https://www.espoo.fi/en/city-and-decision-making/international-espoo/services-new-international-residents/hello-espoo-info;"Hello Espoo Info offers foreign-language residents advice in many kinds of daily life matters. If needed, we will direct you to the right service.



You will receive advice on, for example, the following matters:

- filling in forms
- official matters (Kela, Migri, taxes, etc.)
- meaningful free time and well-being
- early childhood education and applying for daycare
- social services and benefits.

In questions related to housing, employment and educational opportunities, we guide you forward.

We can offer help in your own language, in simple Finnish or in English. If needed, we use telephone interpreters. Counseling in Swedish is available on Wednesdays.

You can visit Hello Espoo Info at the Iso Omena Service Centre, call us at 040 636 8097 or send an email to hello.espoo@espoo.fi.

If our opening hours are not suitable for you, you can contact us to book an appointment. If you have questions about residence permits or other issues related to the Finnish Immigration Service, contact us for further instructions.";"Hello Espoo Info offers foreign-language residents advice in many kinds of daily life matters. If needed, we will direct you to the right service.

";"Hello Espoo Info: https://www.espoo.fi/en/unit/63873; Iso Omena Service Centre: https://www.espoo.fi/en/unit/50581; Hello Espoo Info on Facebook: https://www.facebook.com/HelloEspooInfo; Hello Espoo Info in several languages: https://www.espoo.fi/en/information-point-immigrants-info-several-languages; HelloEspoo.fi offers information for new Espoo residents - Explore the website!: https://www.espoo.fi/en/hello-espoo-welcome-espoo";13.10.2025;Hello Espoo Info offers multilingual guidance to foreign-language residents in Espoo on daily life and official matters, helping them navigate systems and connect with the right services.
Hobbies;https://www.espoo.fi/en/childcare-and-education/nuorisopalvelut/hobbies;"The City of Espoo offers young people many affordable or free recreational opportunities.

Youth centres and many other locations offer diverse recreational opportunities such as theatre, music, physical exercise, dance, media, arts, skateboarding and moped activities. During vacations there are courses, camps, trips, etc. Several events for young people are also organised each year.";The City of Espoo offers young people many affordable or free recreational opportunities.;"Children's Cultural Centre Aurora: https://www.espoo.fi/en/unit/21431; Gräsan taitojen talo: https://www.espoo.fi/en/unit/20037; Juvanpuiston nuorisotila (Youth Centre): https://www.espoo.fi/en/unit/20027; Karakallion nuorisotila (Youth Centre): https://www.espoo.fi/en/unit/20035; Matinkylän monitoimitalo / Youth center: https://www.espoo.fi/en/unit/20032; Opinmäki youth center: https://www.espoo.fi/en/unit/78614; Youth Services: https://www.espoo.fi/en/unit/20046; Hobby search: https://www.espoo.fi/en/hobbysearch";13.10.2025;Hobbies offers affordable or free recreational activities for young people in Espoo, including theatre, music, sports, arts and more at youth centres and other venues, plus courses, camps, trips and events throughout the year.
Housing health, inspections;https://www.espoo.fi/en/housing-and-building/environmental-health-services/housing-health-inspections;"Housing health and inspections in Espoo, Kauniainen and Kirkkonummi

We provide advice on issues related to indoor air and housing health. We conduct housing inspections at the request of residents if there is a reason to suspect that housing conditions are causing a health hazard. The inspections are based on the Health Protection Act. We carry out inspections in Espoo, Kauniainen and Kirkkonummi. Our customer service, tel. 043 826 6263, is open on Mondays and Wednesdays from 9:00 to 11:00. You can also contact us by email: asumisterveys@espoo.fi.";Housing health and inspections in Espoo, Kauniainen and Kirkkonummi;Espoo Region Environmental Health Services: https://www.espoo.fi/en/unit/21934;13.10.2025;We provide guidance on indoor air and housing health and conduct resident-requested inspections to identify and address health hazards in homes in Espoo, Kauniainen, and Kirkkonummi, under the Health Protection Act.
Ice rinks;https://www.espoo.fi/en/sports-and-nature/outdoor-exercise-facilities/ice-rinks;"Espoo has more than 90 ice rinks. 

Freezing one middle-sized ice rink requires about 120 cubic metres of water when freezing begins from zero. Under optimal conditions, freezing a rink takes almost a week. Conditions are ideal when the temperature is 5 to 10 degrees Celsius below zero. If the temperature is too low, more than 20 degrees Celsius below zero, the ice begins to crack. The ice rink stays in good condition as long as the temperature stays below freezing point. As soon as the temperature rises above zero degrees Celsius, the ice starts to soften.

On the website ulkoliikunta.fi you can find information about the condition of ice rinks, when the ice rinks have been maintained, if there are changing rooms by the rink and also the opening hours of artificial rinks.

Ice skating at your own risk.";"Espoo has more than 90 ice rinks. 
";"Ala-Soukka ice-skating field: https://www.espoo.fi/en/unit/50532; Auroran koulu / ice-skating field: https://www.espoo.fi/en/unit/50488; Eestinkallio ice-skating field: https://www.espoo.fi/en/unit/50508; Espoon Koulumäki / ice-skating field: https://www.espoo.fi/en/unit/39562; Friisilän koulu / ice-skating field: https://www.espoo.fi/en/unit/50522; Hansapuisto / ice-skating field: https://www.espoo.fi/en/unit/50500; Haukilahti ice-skating field: https://www.espoo.fi/en/unit/39734; Henttaa ice-skating field: https://www.espoo.fi/en/unit/39498; Hösmäri ice-skating field: https://www.espoo.fi/en/unit/39857; Iivisniemen koulu / Ice-skating field: https://www.espoo.fi/en/unit/39780; Itäranta ice-skating field: https://www.espoo.fi/en/unit/50512; Jalavapuiston koulu / Ice-skating field: https://www.espoo.fi/en/unit/39383; Järvenperä ice-skating field: https://www.espoo.fi/en/unit/39808; Järvenperän koulu / ice-skating field: https://www.espoo.fi/en/unit/39607; Jupperin koulu / ice-skating field: https://www.espoo.fi/en/unit/39311; Kantokasken koulu / ice-skating field: https://www.espoo.fi/en/unit/39353; Karhusuon koulu / ice-skating field: https://www.espoo.fi/en/unit/39706; Kilo ice-skating field: https://www.espoo.fi/en/unit/39298; Kilon koulu / ice-skating field: https://www.espoo.fi/en/unit/39512; Kilonpuiston koulu / ice-skating field: https://www.espoo.fi/en/unit/39574; Kippari ice-skating field: https://www.espoo.fi/en/unit/39282; Kotimäki ice-skating field: https://www.espoo.fi/en/unit/39450; Koulumestarin koulu / ice-skating field: https://www.espoo.fi/en/unit/50517; Kuitinmäen koulu / ice-skating field: https://www.espoo.fi/en/unit/39604; Kuitinmäen koulu / ice-skating field: https://www.espoo.fi/en/unit/39710; Laajalahden koulu / ice-skating field: https://www.espoo.fi/en/unit/39758; Lähderannan koulu / Ice-skating field: https://www.espoo.fi/en/unit/39854; Lahnuksen koulu / ice-skating field: https://www.espoo.fi/en/unit/39373; Lakela ice-skating field: https://www.espoo.fi/en/unit/39752; Latokasken koulu / Ice-skating field: https://www.espoo.fi/en/unit/39275; Laurinlahden koulu / Ice-skating field: https://www.espoo.fi/en/unit/39652; Lintulaakson koulu / Ice-skating field: https://www.espoo.fi/en/unit/50518; Lintuvaaran koulu / Ice-skating field: https://www.espoo.fi/en/unit/50520; Lystimäki ice-skating field: https://www.espoo.fi/en/unit/50510; Mäkkylä ice-skating field: https://www.espoo.fi/en/unit/39819; Mari ice-skating field: https://www.espoo.fi/en/unit/39630; Martinkallion koulu / ice-skating field: https://www.espoo.fi/en/unit/39385; Martinsilta ice-skating field: https://www.espoo.fi/en/unit/39265; Matinsyrjä ice-skating field: https://www.espoo.fi/en/unit/39765; Mikkelän koulu / Ice-skating field: https://www.espoo.fi/en/unit/39743; Mikkelänpelto ice-skating field: https://www.espoo.fi/en/unit/39423; Niipperin koulu / Ice-skating field: https://www.espoo.fi/en/unit/63712; Nöykkiö ice-skating field: https://www.espoo.fi/en/unit/39686; Opinmäen koulu / Ice-skating field: https://www.espoo.fi/en/unit/53567; Päivänkehrän koulu / Ice-skating field: https://www.espoo.fi/en/unit/39315; Pakankylän koulu / Ice-skating field: https://www.espoo.fi/en/unit/39684; Perkkaanpuiston koulu / Ice-skating field: https://www.espoo.fi/en/unit/39279; Pihlajamäki ice-skating field: https://www.espoo.fi/en/unit/39629; Pisanpuisto / Ice-skating field: https://www.espoo.fi/en/unit/50514; Rastaalan koulu / Ice-skating field: https://www.espoo.fi/en/unit/39900; Röylän koulu / Ice-skating field: https://www.espoo.fi/en/unit/39715; Saarnilaakson koulu / Ice-skating field: https://www.espoo.fi/en/unit/39531; Saunalahden koulu / Ice-skating field: https://www.espoo.fi/en/unit/50515; Sepänkylä ice-skating field: https://www.espoo.fi/en/unit/39269; Sunan koulu / Ice-skating field: https://www.espoo.fi/en/unit/39271; Taavinkylän koulu / Ice-skating field: https://www.espoo.fi/en/unit/39401; Tiistilän koulu / Ice-skating field: https://www.espoo.fi/en/unit/39398; Tillinmäki ice-skating field: https://www.espoo.fi/en/unit/39620; Vanttilan koulu / Ice-skating field: https://www.espoo.fi/en/unit/50503; Veini ice-skating field: https://www.espoo.fi/en/unit/39663; Viherkallio ice-skating field: https://www.espoo.fi/en/unit/39691; Viherkallion koulu / Ice-skating field: https://www.espoo.fi/en/unit/39335; Vilniemi ice-skating field: https://www.espoo.fi/en/unit/39724; Vindängens skola / Ice-skating field: https://www.espoo.fi/en/unit/39655; Westend ice-skating field: https://www.espoo.fi/en/unit/39284; Ymmerstan koulu / Ice-skating field: https://www.espoo.fi/en/unit/50265";13.10.2025;Ice rinks in Espoo provide up-to-date information on rink conditions, maintenance, facilities (such as changing rooms), and opening hours for over 90 rinks, with skating at your own risk.
Ice stadiums;https://www.espoo.fi/en/sports-and-nature/indoor-sports-facilities/ice-stadiums;"Sports Services manages one ice stadium, the Espoonlahti competition ice arena.

Sports Services manages one ice stadium, the Espoonlahti competition ice stadium. There are also ice stadiums maintained by other parties in Espoo. 

The city provides free public skating times each year in several ice stadiums.";Sports Services manages one ice stadium, the Espoonlahti competition ice arena.;"Espoonlahti ice stadium Forum: https://www.espoo.fi/en/unit/39853; Ilmatar Areena ice stadium: https://www.espoo.fi/en/unit/67737";13.10.2025;The Ice Stadiums service manages Espoonlahti's competition ice arena and provides public skating opportunities at multiple ice stadiums across Espoo.
Immigrant's independent study;https://www.espoo.fi/en/services/immigrants-independent-study;"As a client of employment services, you can receive unemployment security for studying.

Independent studies with unemployment benefit means that you can complete full-time studies at an educational institution as a client of employment services. Sometimes independent study can help you find work and integrate faster.

Independent study can be
 completion of comprehensive school
 preparatory education for upper secondary school
 preparatory vocational education
 qualifying studies (e.g. physicians)
 Finnish or Swedish language studies.

The studies must be in Finnish or Swedish. If the studies are included in social orientation, they may be in your native language.

You can study with unemployment benefit for a maximum of 24 months. However, in the case of basic education, you can receive support for a maximum of 48 months. You must progress in your studies as agreed in the integration plan in order to receive support.";As a client of employment services, you can receive unemployment security for studying.;"Espoo Employment Services, office in Sello: https://www.espoo.fi/en/unit/76109; Espoo Employment Services, Piispanportti office: https://www.espoo.fi/en/unit/63889";13.10.2025;Immigrant's independent study enables job-seeking immigrants to pursue full-time studies at an educational institution while receiving unemployment benefits to boost employment prospects and integration, for up to 24 months (48 months for basic education), with studies in Finnish or Swedish (or in the native language when part of social orientation) and in line with the integration plan.
Import and export of animals;https://www.espoo.fi/en/sports-and-nature/animals/import-and-export-animals;Before you bring an animal to Finland or take one abroad, make sure you understand the requirements related to animal import and export. In the Espoo, Kauniainen and Kirkkonummi areas, matters related to the import or export of animals, such as export inspections, are handled by the City of Espoo veterinarians.;In the Espoo, Kauniainen and Kirkkonummi areas, matters related to the import or export of animals, such as export inspections, are handled by the City of Espoo veterinarians.;"City of Espoo veterinarians' office: https://www.espoo.fi/en/unit/64065; City of Espoo veterinarians: https://www.espoo.fi/en/sports-and-nature/animals/city-espoo-veterinarians; Stray animals: http://espoo.fi/en/sports-and-nature/animals/stray-animals; Animal welfare: http://espoo.fi/en/sports-and-nature/animals/animal-welfare";13.10.2025;Guides and processes animal import and export requirements, with export inspections handled by the City of Espoo veterinarians in Espoo, Kauniainen, and Kirkkonummi.
Indoor sports facilities;https://www.espoo.fi/en/services/indoor-sports-facilities;In Espoo, there are hundreds of public sports facilities.;In Espoo, there are hundreds of public sports facilities.;"Auroran koulu /: https://www.espoo.fi/en/unit/39287; Espoonlahti ice stadium Forum: https://www.espoo.fi/en/unit/39853; Espoonlahti sports hall: https://www.espoo.fi/en/unit/39397; Espoonlahti sports hall / Weight training gym: https://www.espoo.fi/en/unit/53591; Espoonlahti Sports hall's Gym: https://www.espoo.fi/en/unit/39327; Espoonlahti Swimming Pool / Gym (upper floor): https://www.espoo.fi/en/unit/39485; Haukilahti youth centre / Dance studio: https://www.espoo.fi/en/unit/57294; Ilmatar Areena ice stadium: https://www.espoo.fi/en/unit/67737; Kalajärvi gym: https://www.espoo.fi/en/unit/39294; Kannusillanmäki Sports Hall: https://www.espoo.fi/en/unit/57352; Kannusillanmäki Sports Hall / Gym 1: https://www.espoo.fi/en/unit/39524; Kannusillanmäki Sports Hall / Gym 2: https://www.espoo.fi/en/unit/53613; Keski-Espoo Swimming pool / Gym: https://www.espoo.fi/en/unit/39828; Laaksolahti football hall: https://www.espoo.fi/en/unit/39621; Laaksolahti Sports park / Gym: https://www.espoo.fi/en/unit/39496; Leppävaara indoor swimming pool / Dance studio: https://www.espoo.fi/en/unit/39899; Leppävaara sports hall: https://www.espoo.fi/en/unit/39719; Leppävaara Sports hall / Gym: https://www.espoo.fi/en/unit/39390; Leppävaara Sports park / Gym: https://www.espoo.fi/en/unit/39849; Leppävaara Sports Park / Weight training gym: https://www.espoo.fi/en/unit/53534; Leppävaara Swimming pool / Gym: https://www.espoo.fi/en/unit/39340; Olari gym: https://www.espoo.fi/en/unit/39371; Opinmäen koulu / Sports hall: https://www.espoo.fi/en/unit/45070; Saunalahden koulu / Dance studio: https://www.espoo.fi/en/unit/54357; Tapiola Sports hall: https://www.espoo.fi/en/unit/39749; Tapiola Sports hall / Gym: https://www.espoo.fi/en/unit/39356; Tapiola Sports hall judo floor: https://www.espoo.fi/en/unit/39766; Tuulimäki / Archery range: https://www.espoo.fi/en/unit/39464; Tuulimäki / Artistic gymnastics facility: https://www.espoo.fi/en/unit/39270; Tuulimäki / Fencing facility: https://www.espoo.fi/en/unit/39617; Tuulimäki / Gym: https://www.espoo.fi/en/unit/39420; Tuulimäki / Indoor shooting range: https://www.espoo.fi/en/unit/53646; Tuulimäki / Table tennis facility: https://www.espoo.fi/en/unit/39816; Tuulimäki Sports hall /air raid shelter: https://www.espoo.fi/en/unit/66832";13.10.2025;Indoor sports facilities in Espoo offer hundreds of public venues for indoor sports and recreation.
Information and advisory services for employment services;https://www.espoo.fi/en/services/information-and-advisory-services-employment-services;"When you want to find out more about employment services, you can get information and advice from the employment authority in Espoo.

You can get information and advice from the employment authority when you need more information about employment services. 

You will receive information and advice on, for example,
* job search
* learning opportunities
* labour availability and acquisition
* labour market
* entrepreneurship
* services related to change security.";When you want to find out more about employment services, you can get information and advice from the employment authority in Espoo.;"Employment Espoo Information Point: https://www.espoo.fi/en/unit/64618; Espoo Employment Services, office in Sello: https://www.espoo.fi/en/unit/76109; Espoo Employment Services, Piispanportti office: https://www.espoo.fi/en/unit/63889";13.10.2025;Provides information and advisory support from the Espoo Employment Authority on employment services, including job search, training opportunities, labor market information, entrepreneurship, and transition-related services.
Information and advisory services for young people;https://www.espoo.fi/en/services/information-and-advisory-services-young-people;"Information and advisory services for young people support the employment and well-being of those under 30.

If you are under 30, the multidisciplinary youth service supports your employment. You will receive low-threshold advice and guidance, as well as other services that promote your educational opportunities, employment, talents, and well-being.";Information and advisory services for young people support the employment and well-being of those under 30.;"Espoo Employment Services, office in Sello: https://www.espoo.fi/en/unit/76109; Espoo Employment Services, Piispanportti office: https://www.espoo.fi/en/unit/63889";13.10.2025;Information and advisory services for young people offer low-threshold information, guidance, and support to individuals under 30 to enhance their education opportunities, employment prospects, talents, and well-being.
Instruction preparing for general upper secondary education for immigrants and foreign-language speakers;https://www.espoo.fi/en/services/instruction-preparing-general-upper-secondary-education-immigrants-and-foreign-language-speakers;"Young people with an immigrant background whose language skills are not yet sufficient for general upper secondary studies may apply for preparatory education.

Young people with an immigrant background whose language skills and other abilities are not yet sufficient for general upper secondary studies may apply for preparatory general upper secondary education. The education lasts for one school year and strengthens the students' skills in Finnish and prepares them for general upper secondary studies in a diverse way. After preparatory education, the students apply for actual general upper secondary education. 

The education can be applied for by immigrants and foreign-language-speaking young people and adults:

- who have completed basic education or an equivalent syllabus in Finland or abroad or have the equivalent knowledge and skills
- who do not have the sufficient linguistic ability to cope with upper secondary studies in Finnish or Swedish
- whose primary application preference is general upper secondary school
- who have not completed vocational upper secondary education and training or matriculation examination in Finland or equivalent education in another country.";Young people with an immigrant background whose language skills are not yet sufficient for general upper secondary studies may apply for preparatory education.;N/A;13.10.2025;A one-year preparatory program for immigrants and foreign-language-speaking youth and adults that strengthens Finnish language skills and other competencies to prepare them for entry into general upper secondary education.
Interest subsidy loans and loans against a personal guarantee;https://www.espoo.fi/en/services/interest-subsidy-loans-and-loans-against-personal-guarantee;"Interest subsidy loans and loans against a personal guarantee are granted for the building and fundamental improvement of rental and right-of-occupancy buildings and the purchase of rental flats or buildings.

Interest subsidy loans and loans against a personal guarantee for the building, fundamental improvement and purchase of rental and right-of-occupancy buildings are applied for from the Housing Finance and Development Centre of Finland (ARA). The application is submitted to the municipality, which issues a recommendation or statement for the project and sends the application to ARA.";Interest subsidy loans and loans against a personal guarantee are granted for the building and fundamental improvement of rental and right-of-occupancy buildings and the purchase of rental flats or buildings.;Housing Services: https://www.espoo.fi/en/unit/21974;13.10.2025;This service provides interest-subsidy loans and loans against a personal guarantee through the Housing Finance and Development Centre of Finland (ARA) for building, upgrading, or purchasing rental and right-of-occupancy housing, with applications submitted via the municipality for a recommendation to ARA.
Job coaching;https://www.espoo.fi/en/services/job-coaching;"Job coaching will guide and support you personally in searching for a job and finding employment.

Job coaching is a suitable service for you if you need personal support for applying for work or starting work or if you have been unemployed for a long time. 

Job coaching is tailored to your needs. A coach will help you find a job or apprenticeship, conclude an employment contract and establish an employment relationship.";Job coaching will guide and support you personally in searching for a job and finding employment.;"Espoo Employment Services, office in Sello: https://www.espoo.fi/en/unit/76109; Espoo Employment Services, Piispanportti office: https://www.espoo.fi/en/unit/63889";13.10.2025;Job coaching provides personalized guidance and support to help you search for and secure a job or apprenticeship, apply for work, and start or re-enter employment.
Job search in another EU or EEA country or Switzerland;https://www.espoo.fi/en/services/job-search-another-eu-or-eea-country-or-switzerland;"As an unemployed jobseeker, you can go to another EU or EEA country or Switzerland to find work and receive unemployment benefits from Finland.

You can receive basic daily allowance paid by Kela or daily unemployment allowance paid by an unemployment fund from Finland. You cannot receive labour market subsidy during the trip. 

You can receive unemployment benefits in another country for a maximum of three months. In order for the benefit to be paid, the local employment authority must also accept you as a jobseeker in the country where you are looking for a job.";As an unemployed jobseeker, you can go to another EU or EEA country or Switzerland to find work and receive unemployment benefits from Finland.;"Espoo Employment Services, office in Sello: https://www.espoo.fi/en/unit/76109; Espoo Employment Services, Piispanportti office: https://www.espoo.fi/en/unit/63889";13.10.2025;Allows an unemployed Finnish jobseeker to search for work in another EU/EEA country or Switzerland and receive Finnish unemployment benefits (basic daily allowance or unemployment fund allowance) for up to three months, provided the host country accepts you as a jobseeker and you do not receive labour market subsidy during the trip.
Job-search training;https://www.espoo.fi/en/services/job-search-training;"You can study job-seeking skills in job-search training.

Job seeking is a skill that can be learned. Job-search training provides you with support and guidance for independent job search.

In job-search training, you will learn to use different job-search channels and assess different job options from the perspective of your job-seeking and competence.";You can study job-seeking skills in job-search training.;"Espoo Employment Services, office in Sello: https://www.espoo.fi/en/unit/76109; Espoo Employment Services, Piispanportti office: https://www.espoo.fi/en/unit/63889";13.10.2025;Job-search training equips you with the skills and guidance to independently search for jobs, use multiple job-search channels, and evaluate job options based on your goals and abilities.
Joint procurement training;https://www.espoo.fi/en/services/joint-procurement-training-0;;;"Espoo Employment Services, office in Sello: https://www.espoo.fi/en/unit/76109; Espoo Employment Services, Piispanportti office: https://www.espoo.fi/en/unit/63889";13.10.2025;No description available to summarize.
Joint procurement training;https://www.espoo.fi/en/services/joint-procurement-training;"Joint procurement training is labour market training organised jointly by the employment authority and a company.

Joint procurement training is labour market training that the employment authority can organise together with the employer, the commissioner of the person intending to become an entrepreneur or the company transferring its business rights so that they participate in the funding of the training.

As an employer, you can organise labour market training to increase the professional competence and capabilities of current or future personnel. You can arrange joint procurement training when the training is targeted at employees in your service or temporary agency workers, persons hired for your service or persons laid off or dismissed from your service.

Joint procurement training may also be aimed at you as an entrepreneur when you are starting a business.";Joint procurement training is labour market training organised jointly by the employment authority and a company.;"Espoo Employment Services, office in Sello: https://www.espoo.fi/en/unit/76109; Espoo Employment Services, Piispanportti office: https://www.espoo.fi/en/unit/63889";13.10.2025;Joint procurement training is a labour market program jointly organized by the employment authority and an employer to enhance the skills of current or future employees and fund their training, including support for temporary workers, laid-off staff, and aspiring entrepreneurs.
Joint procurement training;https://www.espoo.fi/en/services/joint-procurement-training-1;"Joint procurement training is labour market training organised jointly by the employment authority and a company.

Joint procurement training is labour market training that the employment authority can organise together with the employer, the commissioner of the person intending to become an entrepreneur or the company transferring its business rights so that they participate in the funding of the training.

As an employer, you can organise labour market training to increase the professional competence and capabilities of current or future personnel. You can arrange joint procurement training when the training is targeted at employees in your service or temporary agency workers, persons hired for your service or persons laid off or dismissed from your service.

Joint procurement training may also be aimed at you as an entrepreneur when you are starting a business.";Joint procurement training is labour market training organised jointly by the employment authority and a company.;"Espoo Employment Services, office in Sello: https://www.espoo.fi/en/unit/76109; Espoo Employment Services, Piispanportti office: https://www.espoo.fi/en/unit/63889";13.10.2025;Joint procurement training is a jointly organized and funded labour market training program by the employment authority and an employer to enhance the skills of current or future staff, including temporary workers, laid-off employees, or aspiring entrepreneurs.
KAMU Espoo City Museum;https://www.espoo.fi/en/services/kamu-espoo-city-museum;"KAMU Espoo City Museum is a cultural history museum, which through its collections and exhibitions recounts the history of the institution of Espoo city and its citizens.

Five museums are included in the Espoo City Museum family:

KAMU in the Exhibition centre WeeGee,
the Glims Farmstead Museum,
the Lagstad School Museum,
the Villa Museum Villa Rulludd and
the Pentala Archipelago Museum.";KAMU Espoo City Museum is a cultural history museum, which through its collections and exhibitions recounts the history of the institution of Espoo city and its citizens.;"Exhibition Centre WeeGee: https://www.espoo.fi/en/unit/20404; Glims Farmstead Museum : https://www.espoo.fi/en/unit/20410; KAMU Espoo City Museum: https://www.espoo.fi/en/unit/20405; Lagstad School Museum: https://www.espoo.fi/en/unit/20412; Pentala Archipelago Museum: https://www.espoo.fi/en/unit/20413; Villa Museum Villa Rulludd: https://www.espoo.fi/en/unit/20411";13.10.2025;KAMU Espoo City Museum is a cultural history museum that preserves and presents the history of Espoo and its citizens through its collections and five affiliated museums.
Karttakori map service;https://www.espoo.fi/en/services/karttakori-map-service;"Asiointi.fi Kauppa is an electronic service of the City of Espoo, through which you can obtain source material for construction planning and ground plans of buildings in Espoo. Maps available for order include base maps, ground maps, constructibility classifications and ground drilling information.
https://espoo.asiointi.fi/ePermit/fi/Order/Home/Index (in Finnish)";Asiointi.fi Kauppa is an electronic service of the City of Espoo, through which you can obtain source material for construction planning and ground plans of buildings in Espoo.;"City Surveying services: https://www.espoo.fi/en/unit/21972; Spatial data and map service: https://www.espoo.fi/en/unit/63941";13.10.2025;Karttakori map service is an online City of Espoo service that lets users obtain construction-planning materials and building-site maps, including base maps, ground maps, constructibility classifications, and borehole information.
Kela remote service;https://www.espoo.fi/en/services/kela-remote-service;"Remote service means Kela's customer service over a remote connection. Customer service points with a remote service option have a self-service computer that you can use to have a videoconference with a Kela staff member.

Via the remote service you can get personal advice and can conduct your business just as if you were visiting Kela's customer service point. The remote service thus corresponds to service at Kela's customer service points.

For which types of situation can the remote service be used?

You can use the remote service when you need personal advice in Kela matters. The remote service is comparable to service at one of Kela's customer service points.

You can use the remote service when you need
- personal advice and guidance regarding Kela benefits
- help with filing an application
- help with using the e-service.";"Remote service means Kela's customer service over a remote connection. Customer service points with a remote service option have a self-service computer that you can use to have a videoconference with a Kela staff member.

Via the remote service you can get personal advice and can conduct your business just as if you were visiting Kela's customer service point. The remote service thus corresponds to service at Kela's customer service points.";Ohjaamotalo, Starttipiste in Leppävaara: https://www.espoo.fi/en/unit/57369;13.10.2025;Kela remote service provides personal, videoconference-based assistance for Kela matters, including guidance on benefits, help with applications, and support using e-services.
Kela remote service in Kalajärvi service point;https://www.espoo.fi/en/services/kela-remote-service-kalajarvi-service-point;"Remote service means Kela's customer service over a remote connection. Customer service points with a remote service option have a self-service computer that you can use to have a videoconference with a Kela staff member.

Via the remote service you can get personal advice and can conduct your business just as if you were visiting Kela's customer service point. The remote service thus corresponds to service at Kela's customer service points.

";Remote service means Kela's customer service over a remote connection. Customer service points with a remote service option have a self-service computer that you can use to have a videoconference with a Kela staff member.;Espoo info Service Point Kalajärvi: https://www.espoo.fi/en/unit/53545;13.10.2025;The Kela remote service at Kalajärvi service point provides videoconferenced access to Kela staff, delivering personal advice and full service as if you were at a Kela customer service point.
Kick-off meeting and starting declaration;https://www.espoo.fi/en/services/kick-meeting-and-starting-declaration;"The kick-off meeting is ordered from the construction inspector of the city district in question. The starting declaration can be made at the Building Control customer service

The party launching a construction project must agree on the time of the kick-off meeting with the construction inspector, if the building permit requires having a meeting. The meeting must be called before starting construction. 

For all other construction work or operations subject to licence, a starting declaration must be made at the Building Controls construction inspector, if a kick-off meeting is not to be called. Before starting construction, the project must have a supervisor in charge.";The kick-off meeting is ordered from the construction inspector of the city district in question. The starting declaration can be made at the Building Control customer service;Espoo Building Control: https://www.espoo.fi/en/unit/21970;13.10.2025;Facilitate the start of construction by arranging a mandatory district kick-off meeting with the inspector (if required by the permit) or submitting a starting declaration to Building Control, and ensure a supervisor is in charge before work begins.
Koto-Espoo, early-stage integration services;https://www.espoo.fi/en/services/koto-espoo-early-stage-integration-services;"Koto-Espoo offers integration services for people from Espoo who are outside the workforce. E.g. stay-at-home parents and people over 65.

We offer individual guidance and counselling on issues such as:

-	language studies
-	career plans, education and employment
-	early childhood education and family services
-	leisure services
-	other services. 

Together with our partners, we also organise various group activities, such as Finnish language courses, civic orientation courses (Welcome to Finland courses) and family clubs. 

Our activities are free of charge. Our courses offer childcare.

You can contact us by phone or email or by booking an appointment.

Our service locations are in Matinkylä and Espoon keskus.

We can offer help in plain Finnish, English or your own language. If needed, we will use a telephone interpreter.

Koto-Espoo
+358 40 634 4480
kotoutuminen@espoo.fi
";Koto-Espoo offers integration services for people from Espoo who are outside the workforce. E.g. stay-at-home parents and people over 65.;"Koto-Espoo, early-stage integration services (Espoon keskus): https://www.espoo.fi/en/unit/75710; Koto-Espoo, early-stage integration services (Matinkylä): https://www.espoo.fi/en/unit/71997; Weekly Calendar in Matinkylä: https://www.espoo.fi/en/koto-espoo-weekly-calendar-matinkylan-kartano; Weekly Calendar in Espoon keskus: https://www.espoo.fi/en/koto-espoo-weekly-calendar-espoon-keskus; Information on Koto-Espoo services for stay-at-home parents in different languages: https://www.espoo.fi/en/koto-espoo-integration-services-stay-home-parents; Information on Koto-Espoo services for seniors in different languages: https://www.espoo.fi/en/koto-espoo-integration-services-people-over-65";13.10.2025;Koto-Espoo offers free, early-stage integration guidance and group activities for Espoo residents outside the workforce, covering language learning, career and education planning, family and leisure services, and civic orientation, with childcare and multilingual support.
Labour market training;https://www.espoo.fi/en/services/labour-market-training;"Labour market training helps you develop your professional skills and promote your employment.

Labour market training develops your professional skills and promotes your employment. Labour market training is training acquired by the Employment services. The labour authority and the educational institution providing the training plan and organise the training together. Employers can also participate in the organisation of labour market training. 

Labour market training may be:
- training that increases professional competence and capabilities
- training to increase entrepreneurial skills
- integration training.

Labour market training is free of charge, so you won't need to pay participation or examination fees. However, card and licence trainings may be subject to a fee.

If you are unemployed, you are entitled to the same unemployment security during labour market training that you get when you are unemployed. If you have agreed to labour market training in your employment plan or another plan replacing it, your unemployment security can be increased. This will be decided by the party paying the unemployment security - that is, by the unemployment fund or Kela.

If the costs of participating in the training are incurred, you can receive expense allowance for the days of participation. If you do not receive expense allowance from the party paying the unemployment benefit, that is, the unemployment fund or Kela, you can apply for discretionary expense allowance from the Employment services in Espoo.";Labour market training helps you develop your professional skills and promote your employment.;"Espoo Employment Services, office in Sello: https://www.espoo.fi/en/unit/76109; Espoo Employment Services, Piispanportti office: https://www.espoo.fi/en/unit/63889";13.10.2025;Labour market training provides free programs organized by Employment Services to develop professional and entrepreneurial skills and improve employment prospects, with unemployment security maintained during training and possible expense allowances.
Land use permits;https://www.espoo.fi/en/services/land-use-permits;"Deviating from the regulations of the valid town plan is subject to a deviation permit, which must be obtained before applying for a building permit. In Espoo, all areas that are not covered by the town plan are considered areas requiring planning. Construction work in these areas is subject to a separate decision and/or deviation permit, which must be obtained before applying for a building permit. As a rule, the city's permission is required for dividing or splitting a property outside the town plan that is designated as a construction site (parcelling permit).

Deviating from the regulations of the valid town plan is subject to a deviation permit, which must be obtained before applying for a building permit. A slight deviation to be resolved in connection with the building permission procedure is defined by the building inspection authority. Sometimes deviating from the regulations of the town plan requires changing the town plan. Before submitting an application for deviating from the town plan, contact the town plan designer/engineer of the planning area at the City Planning Department or the Building Control permit drafter. In Espoo, all areas that are not covered by the town plan are considered areas requiring planning. Construction work in these areas is subject to a separate decision and/or deviation permit, which must be obtained before applying for a building permit. Deviating from the rules, regulations, prohibitions and other restrictions stipulated in the Land Use and Building Act or adopted thereunder (for example, the regulations of the building code) is subject to a deviation permit. As a rule, the city's permission, resolved in the City Planning Department, is required for dividing or splitting a property outside the town plan that is designated as a construction site. If the property is located in the town plan area, the parcelling of a plot is carried out, after the preparation of binding subdivision, by the Espoo Public Works Department city survey, from which the parcelling is applied for with a cadastral procedure application.";Deviating from the regulations of the valid town plan is subject to a deviation permit, which must be obtained before applying for a building permit. In Espoo, all areas that are not covered by the town plan are considered areas requiring planning. Construction work in these areas is subject to a separate decision and/or deviation permit, which must be obtained before applying for a building permit. As a rule, the city's permission is required for dividing or splitting a property outside the town plan that is designated as a construction site (parcelling permit).;"City Planning Department: https://www.espoo.fi/en/unit/21969; Urban Environment Customer Service: https://www.espoo.fi/en/unit/63749";13.10.2025;Land use permits provide the approvals required to deviate from the town plan, secure planning and parceling decisions, and ensure compliance with building regulations before applying for a building permit in Espoo.
Legal graffiti walls in Espoo;https://www.espoo.fi/en/services/legal-graffiti-walls-espoo;"In different parts of Espoo, there are several legal graffiti walls to support the art of the city's residents.

Graffiti walls are in public places and are basically used 24/7.";In different parts of Espoo, there are several legal graffiti walls to support the art of the city's residents.;"Espoonlahti's graffiti wall: https://www.espoo.fi/en/unit/72717; Graffiti wall in Saudarkrokur park (Kalajärvi): https://www.espoo.fi/en/unit/72719; Latokaski's graffiti wall: https://www.espoo.fi/en/unit/72715; Leppävaara's graffiti wall: https://www.espoo.fi/en/unit/72714; Matinkylä's graffiti wall: https://www.espoo.fi/en/unit/72713; Metsämaa skatepark graffiti wall (Kalajärvi): https://www.espoo.fi/en/unit/72718; Nöykkiönlaakso's graffiti wall: https://www.espoo.fi/en/unit/72716";13.10.2025;Espoo's legal graffiti walls provide public, 24/7 spaces for residents to legally create graffiti art.
Libraries;https://www.espoo.fi/en/culture-and-leisure/libraries;"Libraries are meeting places and cultural centres, open to everyone. They offer newspapers, magazines, books, music, films and other materials that you can enjoy at the library or borrow and take home with you. Libraries have spaces where you can study, take part in recreational activities or just spend some time. Libraries also provide information and guidance services and arrange events and exhibitions. 

The Espoo City Library cooperates with the neighbouring municipalities (Helsinki, Kauniainen and Vantaa), and together they form the Helmet Library. You can borrow materials from all the libraries of these municipalities. The collections of Helmet library also include digital material.
";Libraries are meeting places and cultural centres, open to everyone. They offer newspapers, magazines, books, music, films and other materials that you can enjoy at the library or borrow and take home with you.;"Entresse Library: https://www.espoo.fi/en/unit/15321; Haukilahti Library: https://www.espoo.fi/en/unit/15346; Iso Omena Library: https://www.espoo.fi/en/unit/15395; Kalajärvi Library: https://www.espoo.fi/en/unit/15365; Karhusuo Library: https://www.espoo.fi/en/unit/15422; Kauklahti Library: https://www.espoo.fi/en/unit/15317; Laajalahti Library: https://www.espoo.fi/en/unit/15344; Laaksolahti Library: https://www.espoo.fi/en/unit/15309; Lippulaiva library: https://www.espoo.fi/en/unit/63115; Nöykkiö Library: https://www.espoo.fi/en/unit/15396; Otaniemi library: https://www.espoo.fi/en/unit/60321; Saunalahti Library: https://www.espoo.fi/en/unit/29805; Sello Library: https://www.espoo.fi/en/unit/15417; Suurpelto Library: https://www.espoo.fi/en/unit/59354; Tapiola Library: https://www.espoo.fi/en/unit/15311; Viherlaakso Library: https://www.espoo.fi/en/unit/15429; The Helmet web library: https://helmet.finna.fi/";13.10.2025;Libraries are community cultural centres that provide access to books, newspapers, magazines, music, films and other materials, plus study and recreation spaces, information services, events, and digital resources across the Helmet Library network.
Location review;https://www.espoo.fi/en/services/location-review;The location review required by the building permit is carried out based on the customer's order immediately after the foundations are complete. Building can continue only when it has been stated in the review that the location and elevation of the building are in accordance with the confirmed main plans.;The location review required by the building permit is carried out based on the customer's order immediately after the foundations are complete.;City Surveying services: https://www.espoo.fi/en/unit/21972;13.10.2025;Post-foundation location and elevation verification, ordered by the client, to ensure the building’s site and height conform to the approved main plans before construction can proceed.
Lost boundary marker;https://www.espoo.fi/en/services/lost-boundary-marker;"If a boundary marker indicating a boundary of the plot has disappeared or there is a dispute or doubt about the position of a boundary between two plots, the determination of a boundary may be executed at the written application of the plot owner.  

If there is no dispute between the neighbours about the position of the boundary and there is no desire to have the boundary officially remarked in the terrain, the landowner may order an indication of the position of the boundary.

If a boundary marker indicating a boundary of the plot has disappeared or there is a dispute or doubt about the position of a boundary between two plots, the determination of a boundary may be executed at the written application of the plot owner. The application can be submitted either through the electronic service (online application) or by sending it by post. The boundary will be determined in a process which lasts approximately 2 months and costs €680, including 2 boundary markers. Any subsequent boundary markers cost €110 per marker. 

If there is no dispute between the neighbours about the position of the boundary and there is no desire to have the boundary officially remarked in the terrain, the landowner may order an indication of the position of the boundary.";"If a boundary marker indicating a boundary of the plot has disappeared or there is a dispute or doubt about the position of a boundary between two plots, the determination of a boundary may be executed at the written application of the plot owner.  

If there is no dispute between the neighbours about the position of the boundary and there is no desire to have the boundary officially remarked in the terrain, the landowner may order an indication of the position of the boundary.";"City Surveying services: https://www.espoo.fi/en/unit/21972; Application - Cadastral procedure: https://static.espoo.fi/cdn/ff/caHRnx7WBeFcTjGHvGe_fT8wiplOdxQKnx45V1-PcwU/1632727351/public/2021-09/EN%20Kiinteist%C3%B6toimitushakemus_0.pdf; Online application (You can only submit an application in Finnish and Swedish): https://easiointi.espoo.fi/ePermit/; Cadastral procedure fee 1.1.2024: https://static.espoo.fi/cdn/ff/vjF7qqcPAW7ohiKWNsxidSX-4PwHeluNbgLIwvqL0lI/1702902535/public/2023-12/Cadastral%20proceture%20fee%201.1.2024_2.pdf";13.10.2025;"This service determines or indicates the position of a property's boundary when a boundary marker is missing or there is a dispute, through a written application (online or by post), in about two months, with a base fee of €680 (includes two boundary markers; €110 for each additional marker)."
Maintenance of sports facilities;https://www.espoo.fi/en/services/maintenance-sports-facilities;"Sports Services is a tenant of publicly-owned property, but takes care of the maintenance of the sports facilities.

Sports Services is a tenant in publicly-owned property. Sports Services maintains and renovates sports facilities used by the residents, such as fields, recreation routes, beaches and ports.";Sports Services is a tenant of publicly-owned property, but takes care of the maintenance of the sports facilities.;N/A;13.10.2025;The service provides maintenance and renovation of publicly owned sports facilities used by residents.
Map and aerial view materials;https://www.espoo.fi/en/services/map-and-aerial-view-materials;"The City of Espoo maintains exact geographic information materials such as 3D planning base material (base map), an up-to-date town plan and more general map (geographic information) products such as an office map and a guide map.

Materials and maps are partly available online as open data or a chargeable service, and partly as products to be ordered for a fee. We provide geographic information through the WFS and WMS services. The City of Espoo provides guidance in the use of its geographic information.";The City of Espoo maintains exact geographic information materials such as 3D planning base material (base map), an up-to-date town plan and more general map (geographic information) products such as an office map and a guide map.;"City Surveying services: https://www.espoo.fi/en/unit/21972; Spatial data and map service: https://www.espoo.fi/en/unit/63941; Map service: https://kartat.espoo.fi/IMS/en/Map";13.10.2025;The City of Espoo provides access to up-to-date geographic information and map materials—including 3D planning base data and town plans—via online open data or paid services, with guidance on using GIS data through WFS and WMS.
Map prints and extracts;https://www.espoo.fi/en/services/map-prints-and-extracts;"The city survey provides map prints and map extracts according to the orders by customers.

The extracts and maps typically include:

plot subdivision maps
plot maps
base map extracts
up-to-date city plans
property register extracts
tailored prints of map materials";The city survey provides map prints and map extracts according to the orders by customers.;"City Surveying services: https://www.espoo.fi/en/unit/21972; Spatial data and map service: https://www.espoo.fi/en/unit/63941";13.10.2025;We provide customized map prints and extracts—such as plot subdivision maps, plot maps, base map extracts, up-to-date city plans, property register extracts, and tailored map materials—based on customer orders.
Map service;https://www.espoo.fi/en/services/map-service;"An Internet map service maintained by the City of Espoo.

The map service of the City of Espoo is an Internet map portal through which map and geographic information materials can be browsed. The service can be used to search for information on properties, buildings, planning and the environment. The service includes several different base maps: a guide map, an address map, orthophotos as well as historical maps and aerial photos.";An Internet map service maintained by the City of Espoo.;"City Surveying services: https://www.espoo.fi/en/unit/21972; Spatial data and map service: https://www.espoo.fi/en/unit/63941; Maps: https://kartat.espoo.fi/IMS/en/Map";13.10.2025;Espoo Map Service is an online map portal by the City of Espoo for exploring geographic information—such as properties, buildings, planning and the environment—with multiple base maps, including guide maps, an address map, orthophotos and historical imagery.
Marinas;https://www.espoo.fi/en/sports-and-nature/boating/marinas;In Espoo, there are 26 marinas in sea areas with a total of approximately 5,500 berths. In marinas administered by Sports Services, approximately 2,500 berths are rented out directly to boaters and approximately 2,000 through clubs. The rest of the berths are located in private marinas administered by associations or businesses.;In Espoo, there are 26 marinas in sea areas with a total of approximately 5,500 berths.;N/A;13.10.2025;Marinas manages Espoo’s 26 sea-area marinas, offering about 5,500 berths with around 2,500 rented directly to boaters and 2,000 through clubs, while the remaining berths are in private marinas.
Maternity clinic services;https://www.espoo.fi/en/services/maternity-clinic-services;"Maternity and child health clinics provide preventive and health-enhancing services. The services are voluntary and free of charge for families.

The purpose of maternity clinics is to support and protect the health of pregnant women and their unborn children. 

Together with the clinic staff, families get to discuss their health habits and other issues and questions they wish to bring up. It is also important to discuss difficult issues that burden a family, as this will make it possible to plan the required help and support measures as soon as possible together with the family and other cooperation partners.";Maternity and child health clinics provide preventive and health-enhancing services. The services are voluntary and free of charge for families.;Espoo Facebook: https://fi-fi.facebook.com/espoonneuvolat/;13.10.2025;Maternity clinic services provide free, voluntary preventive health care for pregnant women and their unborn children, offering counseling on health habits and family concerns and coordinating needed support with the family and other cooperation partners.
Missing car;https://www.espoo.fi/en/services/missing-car;"The city may tow a vehicle parked incorrectly or hindering work performed on the street.

A car parked incorrectly may be reported to the Urban Environment Customer Service. 

A vehicle parked incorrectly may be transferred to the vehicle depot of the city two days after the incorrect parking was observed. 

A vehicle that prevents street work or maintenance will be towed by the city to the closest place suitable for this purpose after two days following the prompt to remove the vehicle. 

The city may immediately tow a vehicle that is considerably hindering traffic.";The city may tow a vehicle parked incorrectly or hindering work performed on the street.;Urban Environment Customer Service: https://www.espoo.fi/en/units/63749;13.10.2025;This service allows reporting of illegally parked or obstructive vehicles, which the city may tow to a depot or other suitable location after two days, or tow immediately if the vehicle severely blocks traffic.
Mobile Espoo Info;https://www.espoo.fi/en/city-and-decision-making/customer-service-and-e-services/mobile-espoo-info;"Espoo info service advisors also bring advisory services and digital support directly to those in need. The mobile service is a customer-oriented and agile way to bring advisory services to where the residents are. We especially aim to reach those for whom it is difficult to travel to the fixed service points of Espoo info.

Mobile Espoo info visits various places around Espoo, including service centers, community houses, and libraries. The Lippulaiva library in Espoonlahti and the Entresse library in Espoon keskus are regular locations where we are present twice a week. You can often find us at events as well; we participate in events such as Homeless Night and Espoo Day.

You can find all the visit locations and times of Mobile Espoo info in the Espoo city event calendar. If you need help with online transactions or using a smart device, you can also book an appointment for personal digital support from Espoo info. Our service advisors are happy to help you!
";Espoo info service advisors also bring advisory services and digital support directly to those in need.;N/A;13.10.2025;Mobile Espoo info provides on-site advisory services and digital support by visiting locations around Espoo—including regular visits to Lippulaiva and Entresse libraries—and events, to reach residents who cannot travel to fixed service points, with the option to book personal digital support.
Monitoring of compliance with tobacco act;https://www.espoo.fi/en/housing-and-building/environmental-health-services/monitoring-compliance-tobacco-act;"Compliance with the Tobacco Act is monitored by the National Supervisory Authority for Welfare and Health (Valvira) at a general level and by municipalities at a local level. Espoo Region Environmental Health Services monitors in its area (Espoo, Kauniainen and Kirkkonummi):

1. compliance with provisions on the sale or other supply of tobacco products, tobacco substitutes, smoking accessories, electronic cigarettes and nicotine-containing liquids and the related self-monitoring;

2. compliance with provisions on the marketing and display bans laid down in the Tobacco Act (549/2016);

3. compliance with provisions on smoking prohibitions and restrictions. Contact information:
Sale of tobacco: tupakkavalvonta@espoo.fi
Smoking bans: tupakointikieltopaatos@espoo.fi
";"Compliance with the Tobacco Act is monitored by the National Supervisory Authority for Welfare and Health (Valvira) at a general level and by municipalities at a local level. Espoo Region Environmental Health Services monitors in its area (Espoo, Kauniainen and Kirkkonummi):

1. compliance with provisions on the sale or other supply of tobacco products, tobacco substitutes, smoking accessories, electronic cigarettes and nicotine-containing liquids and the related self-monitoring;

2. compliance with provisions on the marketing and display bans laid down in the Tobacco Act (549/2016);

3. compliance with provisions on smoking prohibitions and restrictions. Contact information:
Sale of tobacco: tupakkavalvonta@espoo.fi
Smoking bans: tupakointikieltopaatos@espoo.fi
";Espoo Region Environmental Health Services: https://www.espoo.fi/en/unit/21934;13.10.2025;Monitoring and enforcement of Tobacco Act compliance in Espoo, Kauniainen, and Kirkkonummi, including sales and supply of tobacco products, marketing/display bans, and smoking prohibitions.
Monitoring of premises;https://www.espoo.fi/en/housing-and-building/environmental-health-services/monitoring-premises;"Monitoring of premises in Espoo, Kirkkonummi and Kauniainen.

Our monitoring activities cover a variety of public premises, such as day care centres, schools, sports facilities, beauty salons and nursing homes. One of the main aims of monitoring is to prevent health hazards. The inspections are based on the Health Protection Act and are carried out by the health inspectors of Espoo Region Environmental Health Services.

Further information:
huoneistovalvonta@espoo.fi
koulut.terveydensuojelu@espoo.fi
terveydensuojelu@espoo.fi";Monitoring of premises in Espoo, Kirkkonummi and Kauniainen.;Espoo Region Environmental Health Services: https://www.espoo.fi/en/unit/21934;13.10.2025;We monitor and inspect public premises in Espoo, Kirkkonummi, and Kauniainen to prevent health hazards under the Health Protection Act.
Monitoring of resident selections;https://www.espoo.fi/en/services/monitoring-resident-selections;"Helsinki, Espoo and Vantaa have drawn up common guidelines for monitoring the selection of residents (in Finnish) concerning state-subsidised rental apartments.

In Espoo, the Housing Services unit monitors the use of state-subsidised rental apartments and the selection of their residents. The monitoring of resident selection is carried out as post-monitoring with the exception of new operators who have to submit the resident selections for their first location for approval.";Helsinki, Espoo and Vantaa have drawn up common guidelines for monitoring the selection of residents (in Finnish) concerning state-subsidised rental apartments.;Housing Services: https://www.espoo.fi/en/unit/21974;13.10.2025;The service monitors and ensures compliant resident selection for state-subsidised rental apartments according to common guidelines, primarily through post-monitoring in Espoo, with new operators required to submit resident selections for approval.
Morning and afternoon care and holiday care;https://www.espoo.fi/en/services/morning-and-afternoon-care-and-holiday-care;"Morning and afternoon care and holiday care can be arranged for schoolchildren and young people with intellectual disabilities or severe autism.
The service is intended for people who are unable to be alone at home before or after the day of study and during the holidays of educational institutions. The care facilities are located in designated schools in Espoo.
The registration for morning and afternoon care must be carried out each academic year. Holiday care is registered for separately for each holiday season. ";Morning and afternoon care and holiday care can be arranged for schoolchildren and young people with intellectual disabilities or severe autism.;N/A;13.10.2025;A school-based morning, afternoon, and holiday care program in Espoo for children and young people with intellectual disabilities or severe autism who cannot be left alone before or after school or during holidays.
Mountain biking routes;https://www.espoo.fi/en/sports-and-nature/outdoor-recreation-routes/mountain-biking-routes;Espoo offers a variety of wonderful areas for mountain biking.;Espoo offers a variety of wonderful areas for mountain biking.;Oittaa / Mountain biking trail: https://www.espoo.fi/en/unit/64761;13.10.2025;Discover a variety of mountain biking routes in Espoo.
Multisectoral services promoting employment;https://www.espoo.fi/en/services/multisectoral-services-promoting-employment;"If you need a comprehensive service to support your employment, you can get help from multisectoral services.

The cooperation model of multidisciplinary support that promotes employment helps you find employment if you need comprehensive support. The aim of the service is to remove obstacles to employment related to, for example, your life situation, state of health, work and functional capacity, and talents and vocational skills. 

In the cooperation model, the Employment services, wellbeing services county and Kela together with you will assess what kind of support you need for finding employment. A multisectoral employment plan will be drawn up for you. The plan will schedule the employment services, social and healthcare services and rehabilitation services you need. 

If you are under the age of 30, you can receive multisectoral advice, guidance and services meant for young people and offered jointly by different authorities and other actors at a low threshold. The purpose of the shared service of multisectoral support service promoting the employment of young people is to promote young people's study opportunities, employment, capabilities for action and wellbeing.";If you need a comprehensive service to support your employment, you can get help from multisectoral services.;"Espoo Employment Services, office in Sello: https://www.espoo.fi/en/unit/76109; Espoo Employment Services, Piispanportti office: https://www.espoo.fi/en/unit/63889";13.10.2025;An integrated cross-sector service that assesses your needs and coordinates employment, health, social, and rehabilitation support to create a multisectoral plan that helps you find employment, with special low-threshold guidance for those under 30.
Natural and environmental sites in the Espoo map service;https://www.espoo.fi/en/services/natural-and-environmental-sites-espoo-map-service;"Among other things, the Espoo map service includes information about nature and the environment. Essential nature materials include information about nature conservation sites and hundreds of other valuable natural sites.

The Espoo map service, kartat.espoo.fi, presents valuable and protected natural sites such as valuable stream sites and geological sites, Natura areas, nature reserves, protected nature types and natural monuments. Recreation and natural sites presented include nature trails and bird-watching towers.";Among other things, the Espoo map service includes information about nature and the environment. Essential nature materials include information about nature conservation sites and hundreds of other valuable natural sites.;"Environmental protection services: https://www.espoo.fi/en/unit/66794; Map service : https://kartat.espoo.fi/IMS/en/Map";13.10.2025;An online map service that highlights Espoo's natural and environmental sites, including protected areas, Natura sites, nature reserves, streams and geological sites, as well as nature trails and bird-watching towers.
Nature excursions;https://www.espoo.fi/en/sports-and-nature/explore-nature/nature-excursions;"The cities of the Helsinki Metropolitan Area organise free nature excursions for the residents.

The guided excursions are in Finnish. The excursions are free of charge.

The excursions can be attended by anyone regardless of their city of residency. Participation in the excursions does not require tip-top physical condition; normal condition is sufficient.";The cities of the Helsinki Metropolitan Area organise free nature excursions for the residents.;Nature House Villa Elfvik: https://www.espoo.fi/en/unit/27540;13.10.2025;Free Finnish-language guided nature excursions in the Helsinki Metropolitan Area, open to all and suitable for people with normal fitness.
Nature school;https://www.espoo.fi/en/sports-and-nature/explore-nature/nature-house-villa-elfvik/nature-school;"Nature school days are directed at comprehensive schools in Espoo.

There is a nature school at Villa Elfvik that provides nature instruction as one-day courses for lower and upper comprehensive school pupils in Espoo. The service is mainly aimed at grades 3 to 8. Application for Nature School Days for the next academic year is in April and May.";Nature school days are directed at comprehensive schools in Espoo.;Nature House Villa Elfvik: https://www.espoo.fi/en/unit/27540;13.10.2025;Nature School provides one-day nature instruction at Villa Elfvik for students in Espoo’s comprehensive schools (primarily grades 3–8), with applications for the next academic year open in April and May.
Nature trails;https://www.espoo.fi/en/sports-and-nature/outdoor-recreation-routes/nature-trails;There are a total of 26 nature trails in Espoo, of which the city maintains nine. These city-maintained trails are located in various parts of Espoo, and give a great overall picture of the versatility and richness of local nature.;There are a total of 26 nature trails in Espoo, of which the city maintains nine.;"Finnoo nature trail: https://www.espoo.fi/en/unit/53831; Hanikka nature trail: https://www.espoo.fi/en/unit/53830; Oittaa nature trail: https://www.espoo.fi/en/unit/53826; Pentala nature trail: https://www.espoo.fi/en/unit/57427; Sorlampi nature trail: https://www.espoo.fi/en/unit/53829; Tikankierros nature trail in Espoo Central Park: https://www.espoo.fi/en/unit/53827; Träskända nature trail: https://www.espoo.fi/en/unit/53823; Tremanskärr nature trail: https://www.espoo.fi/en/unit/53834; Villa Elfvik's Nature Sanctuary nature trail: https://www.espoo.fi/en/unit/53822";13.10.2025;Nature trails in Espoo offer a network of 26 trails, including nine maintained by the city, that showcase the diversity and richness of the local natural environment.
Neighbourhood sports areas;https://www.espoo.fi/en/sports-and-nature/outdoor-exercise-facilities/neighbourhood-sports-areas;The neighbourhood sports areas are versatile and exciting sports facilities that are available to all Espoo residents for free. Perhaps you would like to try the agility and balance course at Auroran koulu, panna football at Jalavapuiston koulu or outdoor table tennis at the Tapiola residents' park.ee to use.;The neighbourhood sports areas are versatile and exciting sports facilities that are available to all Espoo residents for free.;"Aarnivalkean koulu / Neighbourhood sports area: https://www.espoo.fi/en/unit/50344; Angry Birds playground at Oittaa recreational area: https://www.espoo.fi/en/unit/46222; Auroran koulu / Neighbourhood sports area: https://www.espoo.fi/en/unit/50479; Eestinkallion koulu / Neighbourhood sports area: https://www.espoo.fi/en/unit/50178; Espoon Koulumäki / Neighbourhood sports area: https://www.espoo.fi/en/unit/50322; Espoonlahden urheiluhalli / Neighbourhood sports area: https://www.espoo.fi/en/unit/57367; Espoonlahden urheilupuisto / Neighbourhood sports area: https://www.espoo.fi/en/unit/50352; Friisilän koulu / Neighbourhood sports area: https://www.espoo.fi/en/unit/50345; Haarssi / Neighbourhood sports area: https://www.espoo.fi/en/unit/54381; Hansakallion koulu / Neighbourhood sports area: https://www.espoo.fi/en/unit/50485; Haukilahden koulu / Neighbourhood sports area: https://www.espoo.fi/en/unit/68763; Hiirisuon asukaspuisto / Neighbourhood sports area: https://www.espoo.fi/en/unit/46132; Hösmärinniitty / Neighbourhood sports area: https://www.espoo.fi/en/unit/53971; Hösmärinpuiston koulu / Neighbourhood sports area: https://www.espoo.fi/en/unit/53820; Jalavapuiston koulu / Neighbourhood sports area: https://www.espoo.fi/en/unit/64994; Jousenkaaren koulu / Neighbourhood sports area: https://www.espoo.fi/en/unit/68765; Kantokasken koulu / Neighbourhood sports area: https://www.espoo.fi/en/unit/50390; Karakallion koulu / Neighbourhood sports area: https://www.espoo.fi/en/unit/50328; Kauklahden koulu / Neighbourhood sports area: https://www.espoo.fi/en/unit/53791; Kauklahti sports field / Neighbourhood sports area: https://www.espoo.fi/en/unit/57373; Keski-Espoo sports park / Neighbourhood sports area: https://www.espoo.fi/en/unit/53790; Kilonpuiston koulu / Neighbourhood sports area: https://www.espoo.fi/en/unit/64628; Kirkkojärvenranta / Neighbourhood sports area: https://www.espoo.fi/en/unit/46329; Kirstin koulu / Neighbourhood sports area: https://www.espoo.fi/en/unit/68757; Kirstinkenttä / Neighbourhood sports area: https://www.espoo.fi/en/unit/46168; Kivenlahden asukaspuisto / Neighbourhood sports area: https://www.espoo.fi/en/unit/54391; Kuitinmäen koulu / Neighbourhood sports area: https://www.espoo.fi/en/unit/54386; Kuitinmäen koulu / Neighbourhood sports area: https://www.espoo.fi/en/unit/64986; Kungsgårdsskolan / Neighbourhood sports area: https://www.espoo.fi/en/unit/68767; Laaksolahti sports park / Neighbourhood sports area: https://www.espoo.fi/en/unit/39477; Lagstads skola / Neighbourhood sports area: https://www.espoo.fi/en/unit/50483; Lahnuksen koulu / Neighbourhood sports area: https://www.espoo.fi/en/unit/50202; Latokasken asukaspuisto / Neighbourhood sports area: https://www.espoo.fi/en/unit/54397; Laurinlahden koulu / Neighbourhood sports area: https://www.espoo.fi/en/unit/50459; Leimuniitty / Neighbourhood sports area: https://www.espoo.fi/en/unit/64684; Lintulaakson koulu / Neighbourhood sports area: https://www.espoo.fi/en/unit/50484; Lintumetsän koulu / Neighbourhood sports area: https://www.espoo.fi/en/unit/54051; Mikkelänpelto neighbourhood sports area: https://www.espoo.fi/en/unit/46207; Niittykumpu neighbourhood sports area: https://www.espoo.fi/en/unit/57382; Nöykkiönkenttä / Neighbourhood sports area: https://www.espoo.fi/en/unit/57287; Painiitty / Neighbourhood sports area: https://www.espoo.fi/en/unit/46206; Säterinniitynkenttä / Neighbourhood sports area: https://www.espoo.fi/en/unit/53619; Tapiolan asukaspuisto / Neighbourhood sports area: https://www.espoo.fi/en/unit/54398; Uusmäki neighbourhood sports area: https://www.espoo.fi/en/unit/50207; Ymmerstanmäki / Neighbourhood sports area: https://www.espoo.fi/en/unit/46246";13.10.2025;Neighbourhood sports areas are free, versatile local facilities for all Espoo residents to enjoy a variety of activities, such as agility and balance courses, panna football, and outdoor table tennis.
Noise notification;https://www.espoo.fi/en/services/noise-notification;"Temporary activity causing especially disturbing noise or vibration must be reported to the Environment and Building Control Department.

Temporary activity causing especially disturbing noise or vibration must always be announced in advance to residents, care and educational institutions and other parties that may be affected within the scope of the noise or vibration.

According to the Environmental Protection Act, the operator must also notify the Environment and Building Control Department in writing.";Temporary activity causing especially disturbing noise or vibration must be reported to the Environment and Building Control Department.;"Environmental protection services: https://www.espoo.fi/en/unit/66794; Submit a notification: https://www.espoo.fi/en/housing-and-building/environmental-protection/environmental-supervision/environmental-supervision-permits-notifications-and-registration#section-15211; Environmental supervision: https://www.espoo.fi/en/housing-and-building/environmental-protection/environmental-supervision";13.10.2025;Operators must report and pre-announce temporary, unusually disturbing noise or vibration to the Environment and Building Control Department and affected residents and institutions, with written notification as required by the Environmental Protection Act.
Ohjaamotalo - One-Stop Guidance Centre for young people;https://www.espoo.fi/en/services/ohjaamotalo-one-stop-guidance-centre-young-people;"The Ohjaamotalo One-Stop Guidance Centre is a service point for young adults under 30 years of age and living in Espoo.

Hello, all young Espoo and Kauniainen residents under the age of 30! 

More than 60 different professionals work in the Ohjaamotalo to support and guide you. Behind one door you will find help for your different needs and life situations. The Ohjaamotalo offers both individual guidance and targeted group activities.

You can get information and help from the Ohjaamotalo
- study opportunities
- working life, job search and livelihood
- housing, daily management and well-being
- leisure opportunities

At Ohjaamotalo's Starttipiste, you can get help without an appointment during opening hours. Starttipiste is open in Leppävaara on Mondays, Tuesdays, Thursdays, and Fridays from 12-4 PM and at Iso Omena Service Point on Wednesdays from 12-4 PM. You can also reach us via social media, phone, or Discord. At Starttipiste, you can remain anonymous if you wish.

All our services are voluntary and free for you.";The Ohjaamotalo One-Stop Guidance Centre is a service point for young adults under 30 years of age and living in Espoo.;"Ohjaamotalo: https://www.espoo.fi/en/unit/57368; Ohjaamotalo, Starttipiste in Leppävaara: https://www.espoo.fi/en/unit/57369; Ohjaamotalo's Starttipiste, Iso Omena Service Centre: https://www.espoo.fi/en/unit/59425; Ohjaamotalo: https://www.espoo.fi/en-US/Youth/Information_councelling_and_help/Ohjaamotalo";13.10.2025;Ohjaamotalo is a free, one-stop guidance centre for young people under 30 in Espoo (also serving Kauniainen) that provides personalised guidance and group activities across study, work, housing and daily life, well-being, and leisure, with drop-in Starttipiste access and multiple contact options.
Oil tank, removed from use;https://www.espoo.fi/en/services/oil-tank-removed-use;"The Environment Department must be contacted about the handling of an underground oil tank removed from use.

According to Section 11 of the environmental protection regulations of the City of Espoo, the owner or holder of an oil, fuel or other chemical tank must remove the tank along with its pipelines from the ground and have it cleaned before its removal. 

The Environment Department may grant an exception from the obligation to remove a decommissioned oil tank from the ground, if its removal is technically very difficult or it causes damage to other property. 

The Environment Department must be contacted about leaving a tank in place as early as possible in order to assess the requirements for granting an exception.";The Environment Department must be contacted about the handling of an underground oil tank removed from use.;Environmental protection services: https://www.espoo.fi/en/unit/66794;13.10.2025;Contact Espoo’s Environment Department to remove an unused underground oil tank (and its pipelines) and have it cleaned, or to apply for an exception to leave the tank in the ground.
Open playgrounds with staff for schoolchildren;https://www.espoo.fi/en/services/open-playgrounds-staff-schoolchildren;The open playgrounds with staff offer the possibility for morning and afternoon activities for young school children. During the school year, a snack subject to a fee is offered to the children. Further information is available from the instructors of the residents' parks.;The open playgrounds with staff offer the possibility for morning and afternoon activities for young school children. During the school year, a snack subject to a fee is offered to the children. Further information is available from the instructors of the residents' parks.;"Karakallio residents' park: https://www.espoo.fi/en/unit/20324; Kivenlahti residents' park: https://www.espoo.fi/en/unit/20348; Leppävaara residents' park: https://www.espoo.fi/en/unit/20325; Mankkaa residents' park: https://www.espoo.fi/en/unit/20236; Matinkylä residents' park: https://www.espoo.fi/en/unit/20267; Olari residents' park: https://www.espoo.fi/en/unit/20268; Perkkaa residents' park: https://www.espoo.fi/en/unit/20326; Pisa residents' park: https://www.espoo.fi/en/unit/20352; Tapiola residents' park: https://www.espoo.fi/en/unit/20235; Viherkallio residents' park: https://www.espoo.fi/en/unit/20327";13.10.2025;Supervised open playgrounds for schoolchildren offer morning and afternoon activities, with optional snacks available for a fee during the school year.
Open vacancies at the City of Espoo;https://www.espoo.fi/en/services/open-vacancies-city-espoo;"Open vacancies at the City of Espoo and information about the city as an employer.

The City of Espoo's recruitment services are centrally responsible for the recruitment of the city's personnel in cooperation with the unit managers. Recruitment services also develop the city's employer image and manage recruitment marketing, for example, by participating in various recruitment fairs and cooperating with educational institutes in various fields. The city mainly uses Seure Henkilöstöpalvelut Oy for the recruitment of short-term temporary employees.
You can search for open vacancies and find additional information about the city as an employer and the personnel benefits at the City of Espoo in the address espoonrekry.fi.";Open vacancies at the City of Espoo and information about the city as an employer.;"Rekrytointipalvelut: https://www.espoo.fi/en/unit/64078; Open Vacancies : https://www.espoonrekry.fi";13.10.2025;Provides access to current job openings at the City of Espoo and information about the city as an employer, including recruitment processes, employer branding, and employee benefits.
Open-air pools;https://www.espoo.fi/en/sports-and-nature/outdoor-exercise-facilities/open-air-pools;"There is one open-air pool in Espoo, located at the Leppävaara swimming hall.

The Leppävaara outdoor swimming pool is Espoo's summer oasis. It is a popular place among swimmers on sunny days, but the warm pool water ensures an enjoyable experience in colder weather too. The outdoor swimming pool is located right next to the indoor swimming pool. In Tapiola, there is also a wading pool for children.";There is one open-air pool in Espoo, located at the Leppävaara swimming hall.;"Leppävaara outdoor swimming pool: https://www.espoo.fi/en/unit/48917; Tapiola wading pool: https://www.espoo.fi/en/unit/62213";13.10.2025;Espoo's Leppävaara outdoor pool offers a popular open-air swimming venue next to the indoor pool, usable on sunny summer days and enjoyable in cooler weather.
Our park;https://www.espoo.fi/en/services/our-park;"Would you like to take care of green areas in your neighbourhood and get incidental exercise by yourself or together with other interested people? In Our Park activities, you can help keep your neighbourhood in better shape than the city has resources to do.

If you are interested in taking care of your local green areas, please visit Espoon sähköiset asiointipalvelut (extrernal link) (only in Finnish or Swedish) and click the ""Yleisten alueiden luvat"" (Public area permits) button. In your message, tell us what you would like to do and include a few photos of the area. On the basis of your proposal, we can draw up a maintenance agreement describing the maintenance principles for the area in more detail. If you want to know more about Our Park, please e-mail us at meidanpuisto@espoo.fi.";Would you like to take care of green areas in your neighbourhood and get incidental exercise by yourself or together with other interested people? In Our Park activities, you can help keep your neighbourhood in better shape than the city has resources to do.;Urban Environment Customer Service: https://www.espoo.fi/en/unit/63749;13.10.2025;Our Park is a community volunteer program that enables residents to help maintain local green spaces, gain incidental exercise, and obtain a maintenance agreement and city permits by submitting proposals with photos through the city’s online service.
Outdoor Recreation Areas;https://www.espoo.fi/en/sports-and-nature/explore-nature/outdoor-recreation-areas;Roaming, camping, picking berries, listening to the sounds of nature, enjoying yourself… In addition to versatile terrains, the outdoor recreation areas also contain cooking shelters and places to build a campfire.;Roaming, camping, picking berries, listening to the sounds of nature, enjoying yourself… In addition to versatile terrains, the outdoor recreation areas also contain cooking shelters and places to build a campfire.;Kattilajärvi Recreation Area: https://www.espoo.fi/en/unit/53485;13.10.2025;Outdoor Recreation Areas provide versatile terrain for camping, roaming, berry-picking, and enjoying nature, with cooking shelters and campfire sites.
Outdoor gyms;https://www.espoo.fi/en/sports-and-nature/outdoor-exercise-facilities/outdoor-gyms;Espoo’s outdoor gyms are well suited for anyone irrespective of their level of fitness, and they feature a wide range of equipment. For example, the Keski-Espoo sports park includes pull-up equipment, a dip bar, a leg and chest press, and an abdominal and back muscle machine. The outdoor gyms are free of charge and open 24 hours a day all year round.;Espoo’s outdoor gyms are well suited for anyone irrespective of their level of fitness, and they feature a wide range of equipment. For example, the Keski-Espoo sports park includes pull-up equipment, a dip bar, a leg and chest press, and an abdominal and back muscle machine. The outdoor gyms are free of charge and open 24 hours a day all year round.;"Espoonlahti Sports Park / Outdoor gym: https://www.espoo.fi/en/unit/68552; Juvanpuisto outdoor gym: https://www.espoo.fi/en/unit/75313; Leppävaara lido / Beach volleyball court 1: https://www.espoo.fi/en/unit/54031; Leppävaara Sports park / Outdoor Gym Container: https://www.espoo.fi/en/unit/53751; Metsämaa outdoor gym: https://www.espoo.fi/en/unit/67797; Oittaa beach / Outdoor gym: https://www.espoo.fi/en/unit/63352; Saarenpelto outdoor gym: https://www.espoo.fi/en/unit/66836";13.10.2025;Espoo's outdoor gyms provide free, 24/7 access to a wide range of fitness equipment for people of all fitness levels.
Outdoor routes;https://www.espoo.fi/en/sports-and-nature/outdoor-recreation-routes/outdoor-routes;There are several outdoor routes in Espoo.;There are several outdoor routes in Espoo.;"Brobacka - Oittaa outdoor recreation route: https://www.espoo.fi/en/unit/54077; Karakallio - Leppävaara outdoor recreation route: https://www.espoo.fi/en/unit/54082; Karhusuo - Nupuri outdoor recreation route (GPS): https://www.espoo.fi/en/unit/54088; Kauklahti - Gumböle outdoor recreation route (GPS): https://www.espoo.fi/en/unit/54089; Keskuspuisto - Latokaski outdoor recreation route: https://www.espoo.fi/en/unit/54069; Kivenlahti - Latokaski outdoor recreation route: https://www.espoo.fi/en/unit/54317; Latokaski - Espoon keskus outdoor recreation route: https://www.espoo.fi/en/unit/54314; Oittaa - Pirttimäki outdoor recreation route: https://www.espoo.fi/en/unit/53557; Olari - Tapiola outdoor recreation route: https://www.espoo.fi/en/unit/54318; Puolarmaari - Suomenoja outdoor recreation route: https://www.espoo.fi/en/unit/54349; Tapiola - Turunväylä outdoor recreation route: https://www.espoo.fi/en/unit/54327; Ullanmäki - Keskuspuisto outdoor recreation route: https://www.espoo.fi/en/unit/53550";13.10.2025;Outdoor routes offers several outdoor routes to explore in Espoo.
Outreach youth work;https://www.espoo.fi/en/services/outreach-youth-work;"Outreach youth work helps those between 15-30 years of age who are outside education or the job market.

We operate in Espoo area, offering young people between 15-28 years of age guidance and support when they need it. 

Our goal is to meet you as an individual and to provide you with an opportunity to get safe and confidential help from an adult. We will work with you to find answers to any questions you might have. We will also help you to reach the services you need.

Our primary mission is to help young people under 29 years of age who are outside education or the labour market. In addition, we offer support and help in finding the various services. Outreach youth work is always free of charge and completely voluntary for you.";Outreach youth work helps those between 15-30 years of age who are outside education or the job market.;"Ohjaamotalo: https://www.espoo.fi/en/unit/57368; Ohjaamotalo, Starttipiste in Leppävaara: https://www.espoo.fi/en/unit/57369; Ohjaamotalo's Starttipiste, Iso Omena Service Centre: https://www.espoo.fi/en/unit/59425; Youth Services: https://www.espoo.fi/en/unit/20046";13.10.2025;Outreach youth work offers free, confidential, one-on-one guidance and support to young people aged 15–29 in Espoo who are outside education or the job market, helping them access the services they need.
Outsourced day care centres in Espoon keskus;https://www.espoo.fi/en/childcare-and-education/early-childhood-education/outsourced-day-care-centres-espoon-keskus;All outsourced Finnish language day care centres in the Espoon keskus area are listed below on this page.;All outsourced Finnish language day care centres in the Espoon keskus area are listed below on this page.;"Päiväkoti Lintukoto: https://www.espoo.fi/en/unit/20384; Päiväkoti Nallentupa: https://www.espoo.fi/en/unit/54941; Pilke luontopäiväkoti Pihlajarinne: https://www.espoo.fi/en/unit/20382";13.10.2025;This page lists all outsourced Finnish-language day care centres in Espoon keskus.
Outsourced day care centres in Espoonlahti;https://www.espoo.fi/en/childcare-and-education/early-childhood-education/outsourced-day-care-centres-espoonlahti;All outsourced Finnish language day care centres in the Espoonlahti area are listed below on this page.;All outsourced Finnish language day care centres in the Espoonlahti area are listed below on this page.;"Norlandia Kurkihirsi: https://www.espoo.fi/en/unit/52449; Päiväkoti Leikkis: https://www.espoo.fi/en/unit/52448; Pilke liikuntapäiväkoti Martinmäki: https://www.espoo.fi/en/unit/52447";13.10.2025;This page provides a complete listing of outsourced Finnish-language day care centers in the Espoonlahti area.
Outsourced day care centres in Leppävaara;https://www.espoo.fi/en/childcare-and-education/early-childhood-education/outsourced-day-care-centres-leppavaara;All outsourced Finnish language day care centres in the Leppävaara area are listed below on this page.;All outsourced Finnish language day care centres in the Leppävaara area are listed below on this page.;"Everstinkadun päiväkoti: https://www.espoo.fi/en/unit/20328; Lippajärven montessoripäiväkoti: https://www.espoo.fi/en/unit/52969; Montessori Lastentalo: https://www.espoo.fi/en/unit/48358; Pilke Sinipilvi: https://www.espoo.fi/en/unit/44185";13.10.2025;This page lists all outsourced Finnish-language day care centres in the Leppävaara area.
Outsourced day care centres in Matinkylä-Olari;https://www.espoo.fi/en/childcare-and-education/early-childhood-education/outsourced-day-care-centres-matinkyla-olari;All outsourced Finnish language day care centres in the Matinkylä-Olari area are listed below on this page.;All outsourced Finnish language day care centres in the Matinkylä-Olari area are listed below on this page.;"Espoon Montessori leikkikoulu: https://www.espoo.fi/en/unit/20269; Espoon Steiner Mesimarja: https://www.espoo.fi/en/unit/20270; Marjalaxin päiväkoti: https://www.espoo.fi/en/unit/20272; Muksulan päiväkoti: https://www.espoo.fi/en/unit/20275; Päiväkoti Punatulkku: https://www.espoo.fi/en/unit/20277; Papinniityn päiväkoti: https://www.espoo.fi/en/unit/20273; Tarjalaxin päiväkoti: https://www.espoo.fi/en/unit/20278";13.10.2025;This page lists all outsourced Finnish-language day care centres in the Matinkylä-Olari area.
Outsourced day care centres in Tapiola;https://www.espoo.fi/en/childcare-and-education/early-childhood-education/outsourced-day-care-centres-tapiola;All outsourced Finnish language day care centres in the Tapiola area are listed below on this page.;All outsourced Finnish language day care centres in the Tapiola area are listed below on this page.;"Espoon kielikylpypäiväkoti: https://www.espoo.fi/en/unit/20246; Keilaniemen päiväkoti: https://www.espoo.fi/en/unit/20247; Lasten montessorikoulu Laajalahti: https://www.espoo.fi/en/unit/20250; Otsolahden päiväkoti: https://www.espoo.fi/en/unit/20251; Päiväkoti Sateenkaari: https://www.espoo.fi/en/unit/20254; Päiväkoti Satusoppi: https://www.espoo.fi/en/unit/20256; Pilke Liikuntapäiväkoti Pupuna: https://www.espoo.fi/en/unit/20253";13.10.2025;This page lists all outsourced Finnish-language day care centres in the Tapiola area.
Own native language instruction;https://www.espoo.fi/en/childcare-and-education/basic-education/own-native-language-instruction;Own native language instruction is a supplementary teaching to basic education and intended for pupils living in Espoo with an immigrant background.;Own native language instruction is a supplementary teaching to basic education and intended for pupils living in Espoo with an immigrant background.;N/A;13.10.2025;Native-language instruction is a supplementary education program for pupils living in Espoo with immigrant backgrounds.
Parcelling of a plot;https://www.espoo.fi/en/services/parcelling-plot;"Building sites in the detailed plan area are created by parcelling. (A binding plot subdivision must be prepared for the area before plot parcelling). Plot parcelling becomes pending at the written application of the owner or after the National Land Survey of Finland has submitted information on the title registration of a parcel to the City Survey Department. The application can be submitted either through the electronic service (online application) or by sending it by post.

The plot parcelling process takes approximately 3 months. In urgent cases, the applicant can speed up the process by obtaining written acceptance for it from all parties. The owner must have a registration of title to the real estates or parcels that form the plot.  

The plot parcelling fee depends on the size of the plot and varies between €1,100 and €1,600. If the area of an old real estate unit or plot is the same as the area of the plot according to the plot subdivision, the plot may be registered without any work in the field. The fee for the procedure is €390. ";Building sites in the detailed plan area are created by parcelling. (A binding plot subdivision must be prepared for the area before plot parcelling);"City Surveying services: https://www.espoo.fi/en/unit/21972; Acceptance - Plot parcelling: https://static.espoo.fi/cdn/ff/xPCvDXyU0YyXiy3GsW0cScUoZ0yHaEX1jdsEQ4ad6Kk/1632725763/public/2021-09/EN%20Hyv%C3%A4ksynt%C3%A4%20_%20tontin%20lohkominen_0.pdf; Application - Cadastral procedure: https://static.espoo.fi/cdn/ff/caHRnx7WBeFcTjGHvGe_fT8wiplOdxQKnx45V1-PcwU/1632727351/public/2021-09/EN%20Kiinteist%C3%B6toimitushakemus_0.pdf; Online application (You can only submit an application in Finnish and Swedish): https://easiointi.espoo.fi/ePermit/; Cadastral procedure fee 1.1.2024: https://static.espoo.fi/cdn/ff/vjF7qqcPAW7ohiKWNsxidSX-4PwHeluNbgLIwvqL0lI/1702902535/public/2023-12/Cadastral%20proceture%20fee%201.1.2024_2.pdf";13.10.2025;Parcelling of a plot is the process of subdividing a building plot within a detailed plan area, initiated by the owner's application and completed in about three months, culminating in the plot's registration and title registration with applicable fees.
Parcelling of streets and parks ;https://www.espoo.fi/en/services/parcelling-streets-and-parks;"The public areas indicated in the detailed plan, such as streets and parks, are formed as public areas through the parcelling procedure of a public area.  

The public areas indicated in the detailed plan, such as streets and parks, are formed as public areas through the parcelling procedure of a public area. If the procedure concerns an area which the city does not already own and which has been designated as a street in the first detailed plan, the area will be transferred to the ownership of the city as part of the procedure. If the procedure concerns some other area designated as public in the detailed plan, the city must first acquire ownership of the area.";The public areas indicated in the detailed plan, such as streets and parks, are formed as public areas through the parcelling procedure of a public area.  ;"City Surveying services: https://www.espoo.fi/en/unit/21972; Urban Environment Customer Service: https://www.espoo.fi/en/unit/63749";13.10.2025;This service formalizes streets and parks as public areas through the parcelling procedure, transferring ownership to the city for streets and requiring the city to acquire ownership for other public areas.
Parcelling outside the town plan area;https://www.espoo.fi/en/services/parcelling-outside-town-plan-area-0;"As a rule, the city's permission, resolved in the City Planning Department, is required for dividing or splitting a property outside the town plan that is designated as a construction site. If the property is located in the town plan area, the parcelling of a plot is carried out, after the preparation of binding subdivision, by the Espoo Public Works Department city survey, from which the parcelling is applied for with a cadastral procedure application.

As a rule, the city's permission, resolved in the City Planning Department, is required for dividing or splitting a property outside the town plan that is designated as a construction site. The general prerequisite for the city's permission is that the requirements set on the building site are met, the maximum efficiency used in the area is not exceeded and the formation of the new building site does not cause harm to the organisation of land use or the preparation or implementation of the town plan or master plan. Application forms with instructions are available at the Environment and Technical Services customer service, they can be printed from the City of Espoo website, or the application can be submitted electronically through the electronic service for construction and land use. More detailed instructions can be found on the website of the City of Espoo.";As a rule, the city's permission, resolved in the City Planning Department, is required for dividing or splitting a property outside the town plan that is designated as a construction site. If the property is located in the town plan area, the parcelling of a plot is carried out, after the preparation of binding subdivision, by the Espoo Public Works Department city survey, from which the parcelling is applied for with a cadastral procedure application.;"City Planning Department: https://www.espoo.fi/en/unit/21969; City Surveying services: https://www.espoo.fi/en/unit/21972; Urban Environment Customer Service: https://www.espoo.fi/en/unit/63749";13.10.2025;Gives the City of Espoo’s permission to subdivide a property outside the town plan area, ensuring compliance with land-use plans and building-site requirements (with online application options).
Parking Control;https://www.espoo.fi/en/services/parking-control;"The adherence to the parking regulations is monitored.

Parking Control oversees adherence to the prohibitions and restrictions regarding the stopping, halting and parking of vehicles and the rules and regulations on the use of parking discs and issues parking tickets for incorrect parking.";The adherence to the parking regulations is monitored.;Urban Environment Customer Service: https://www.espoo.fi/en/unit/63749;13.10.2025;Parking Control monitors and enforces parking regulations, including stopping, halting, and parking restrictions and parking-disc rules, and issues tickets for violations.
Parking area;https://www.espoo.fi/en/services/parking-area;"Helsinki metropolitan area parking zones can be found on the Service Map and Espoo´s Map Service.

Zonings and building permits require housing cooperates and other properties to build a certain amount of parking spots. In Espoo resident and guest parking and business trip spots are primarily pointed from houses' yards and areas meant for parking.";Helsinki metropolitan area parking zones can be found on the Service Map and Espoo´s Map Service.;"Car park Aalto: https://www.espoo.fi/en/unit/62237; Car park Aapelinkatu: https://www.espoo.fi/en/unit/62238; Car park Ahertajankuja: https://www.espoo.fi/en/unit/62239; Car park Ahvenkuja: https://www.espoo.fi/en/unit/62240; Car park Aitovieri: https://www.espoo.fi/en/unit/62241; Car park Alajuoksu: https://www.espoo.fi/en/unit/62242; Car park Asemanranta: https://www.espoo.fi/en/unit/62247; Car park Asgård: https://www.espoo.fi/en/unit/62589; Car park Eestinahde: https://www.espoo.fi/en/unit/62235; Car park Espoon asematori: https://www.espoo.fi/en/unit/62567; Car park Espoon asematori: https://www.espoo.fi/en/unit/62564; Car park Fallåker: https://www.espoo.fi/en/unit/62225; Car park Glimsintie: https://www.espoo.fi/en/unit/62227; Car park Gräsantörmä: https://www.espoo.fi/en/unit/62228; Car park Haapaniementie: https://www.espoo.fi/en/unit/62229; Car park Hakamäki: https://www.espoo.fi/en/unit/62230; Car park Hakarinne: https://www.espoo.fi/en/unit/62231; Car park Haltilantie: https://www.espoo.fi/en/unit/62233; Car park Hämäläistentie: https://www.espoo.fi/en/unit/62248; Car park Hanikka: https://www.espoo.fi/en/unit/62234; Car park Harjuviita: https://www.espoo.fi/en/unit/62276; Car park Harmaaniityntie: https://www.espoo.fi/en/unit/63886; Car park Harppuunakuja: https://www.espoo.fi/en/unit/62277; Car park Hauenkallio: https://www.espoo.fi/en/unit/62278; Car park Haukilahdenkenttä: https://www.espoo.fi/en/unit/62666; Car park Heikunankuja: https://www.espoo.fi/en/unit/62581; Car park Hirvimiestentie: https://www.espoo.fi/en/unit/62281; Car park Holmanniitynkuja: https://www.espoo.fi/en/unit/62282; Car park Hösmärintie: https://www.espoo.fi/en/unit/62249; Car park Iltapäiväntie: https://www.espoo.fi/en/unit/62250; Car park Impilahdentie: https://www.espoo.fi/en/unit/63750; Car park Isoistenkuja: https://www.espoo.fi/en/unit/62251; Car park Isoistentie: https://www.espoo.fi/en/unit/62252; Car park Itäinen rantatie: https://www.espoo.fi/en/unit/62254; Car park Itäranta: https://www.espoo.fi/en/unit/62255; Car park Itäranta: https://www.espoo.fi/en/unit/62256; Car park Itsehallintotie: https://www.espoo.fi/en/unit/62253; Car park Jalavakuja: https://www.espoo.fi/en/unit/62258; Car park Jukolanahde: https://www.espoo.fi/en/unit/62269; Car park Jupperinaukio: https://www.espoo.fi/en/unit/62270; Car park Kahvelitie: https://www.espoo.fi/en/unit/62653; Car park Kaivomestarinniitty: https://www.espoo.fi/en/unit/62594; Car park Kaivosmäki: https://www.espoo.fi/en/unit/62273; Car park Kalasääksentie: https://www.espoo.fi/en/unit/62275; Car park Kamreerintie: https://www.espoo.fi/en/unit/62562; Car park Kappalaisenkuja: https://www.espoo.fi/en/unit/62259; Car park Kappalaisentie: https://www.espoo.fi/en/unit/63885; Car park Karakallionkuja: https://www.espoo.fi/en/unit/62520; Car park Karakalliontie: https://www.espoo.fi/en/unit/62522; Car park Karapellontie: https://www.espoo.fi/en/unit/62260; Car park Kaskenpää: https://www.espoo.fi/en/unit/62261; Car park Kauklahden asema: https://www.espoo.fi/en/unit/62658; Car park Keijuniityntie: https://www.espoo.fi/en/unit/62264; Car park Keilalahdentie: https://www.espoo.fi/en/unit/62266; Car park Keilalahdentie: https://www.espoo.fi/en/unit/62265; Car park Kellonummentie: https://www.espoo.fi/en/unit/62283; Car park Keskijuoksu: https://www.espoo.fi/en/unit/62284; Car park Kilvoituksentie: https://www.espoo.fi/en/unit/62636; Car park Kimmeltie: https://www.espoo.fi/en/unit/62289; Car park Kirkkalanportti: https://www.espoo.fi/en/unit/62291; Car park Kirkkojärventie liityntäpysäköinti 1: https://www.espoo.fi/en/unit/62510; Car park Kirkkojärventie liityntäpysäköinti 2: https://www.espoo.fi/en/unit/62509; Car park Kirkkojärventie liityntäpysäköinti 3: https://www.espoo.fi/en/unit/62222; Car park Kirstinsyrjä: https://www.espoo.fi/en/unit/62296; Car park Klippinki: https://www.espoo.fi/en/unit/62547; Car park Komentajankatu: https://www.espoo.fi/en/unit/62297; Car park Kompassikatu: https://www.espoo.fi/en/unit/62583; Car park Kontiontie: https://www.espoo.fi/en/unit/62298; Car park Koronakatu: https://www.espoo.fi/en/unit/62299; Car park Korpraalintie: https://www.espoo.fi/en/unit/62648; Car park Kotikyläntie: https://www.espoo.fi/en/unit/62300; Car park Kukkumäenportti: https://www.espoo.fi/en/unit/62301; Car park Kurjenkellontie: https://www.espoo.fi/en/unit/63887; Car park Kuutamokatu: https://www.espoo.fi/en/unit/62285; Car park Kuuterseläntie: https://www.espoo.fi/en/unit/62286; Car park Lähdeaukio: https://www.espoo.fi/en/unit/62306; Car park Lanttikatu: https://www.espoo.fi/en/unit/62287; Car park Lasitörmänaukio: https://www.espoo.fi/en/unit/68931; Car park Lavaniityntie: https://www.espoo.fi/en/unit/62586; Car park Leenankuja: https://www.espoo.fi/en/unit/62288; Car park Leirikaari: https://www.espoo.fi/en/unit/62334; Car park Leirikaari: https://www.espoo.fi/en/unit/62333; Car park Leppälinnunrinne: https://www.espoo.fi/en/unit/62335; Car park Lintukorpi: https://www.espoo.fi/en/unit/62346; Car park Lintukorvenkuja: https://www.espoo.fi/en/unit/62348; Car park Lintukulma: https://www.espoo.fi/en/unit/62349; Car park LP Aallonhuippu: https://www.espoo.fi/en/unit/62459; Car park LP Aarnivalkeantie: https://www.espoo.fi/en/unit/62461; Car park LP Alakartanonkuja: https://www.espoo.fi/en/unit/62462; Car park LP Alamäentie: https://www.espoo.fi/en/unit/73657; Car park LP Alatörmä: https://www.espoo.fi/en/unit/62618; Car park LP Alustalaisentie: https://www.espoo.fi/en/unit/67753; Car park LP Arttelikuja: https://www.espoo.fi/en/unit/62619; Car park LP Arvelantie: https://www.espoo.fi/en/unit/62464; Car park LP Eestiläistenportti: https://www.espoo.fi/en/unit/62554; Car park LP Emännäntie: https://www.espoo.fi/en/unit/62559; Car park LP Espoonlahdenranta: https://www.espoo.fi/en/unit/62498; Car park LP Everstinkuja: https://www.espoo.fi/en/unit/62502; Car park LP Fonseenintie: https://www.espoo.fi/en/unit/62503; Car park LP Forstmestarinpiha: https://www.espoo.fi/en/unit/63150; Car park LP Friisinmäenaukio: https://www.espoo.fi/en/unit/75845; Car park LP Hakakuja: https://www.espoo.fi/en/unit/62465; Car park LP Hansatie: https://www.espoo.fi/en/unit/62637; Car park LP Hauenkoukku: https://www.espoo.fi/en/unit/62466; Car park LP Helmipöllönkatu: https://www.espoo.fi/en/unit/62632; Car park LP Hiiralankaari: https://www.espoo.fi/en/unit/62661; Car park LP Hiiralantie: https://www.espoo.fi/en/unit/62662; Car park LP Hopearinne: https://www.espoo.fi/en/unit/62467; Car park LP Jauhotullintie: https://www.espoo.fi/en/unit/62535; Car park LP Juvan teollisuuskatu: https://www.espoo.fi/en/unit/62469; Car park LP Kalasääksentie: https://www.espoo.fi/en/unit/62540; Car park LP Kallvikinkartano: https://www.espoo.fi/en/unit/67721; Car park LP Karikko: https://www.espoo.fi/en/unit/62476; Car park LP Kartanonkuja: https://www.espoo.fi/en/unit/62454; Car park LP Kartanonkulma: https://www.espoo.fi/en/unit/62663; Car park LP Kaskipiha: https://www.espoo.fi/en/unit/62664; Car park LP Keihäsrinne: https://www.espoo.fi/en/unit/62620; Car park LP Kievarinpolku: https://www.espoo.fi/en/unit/62574; Car park LP Kiltakallio: https://www.espoo.fi/en/unit/62470; Car park LP Kipparinkatu: https://www.espoo.fi/en/unit/62529; Car park LP Kirjoniitty: https://www.espoo.fi/en/unit/62572; Car park LP Kirjurinkuja: https://www.espoo.fi/en/unit/62341; Car park LP Kirstinmäki: https://www.espoo.fi/en/unit/62434; Car park LP Kirstintie: https://www.espoo.fi/en/unit/62505; Car park LP Kirvuntie: https://www.espoo.fi/en/unit/62506; Car park LP Kokinkyläntie: https://www.espoo.fi/en/unit/62593; Car park LP Kolkerannankuja: https://www.espoo.fi/en/unit/62558; Car park LP Kotitontuntie: https://www.espoo.fi/en/unit/62609; Car park LP Kotkakuja: https://www.espoo.fi/en/unit/62610; Car park LP Kotkatie: https://www.espoo.fi/en/unit/62485; Car park LP Koukkuniementie 1: https://www.espoo.fi/en/unit/62641; Car park LP Koukkuniementie 2: https://www.espoo.fi/en/unit/62612; Car park LP Krattivuorentie: https://www.espoo.fi/en/unit/62640; Car park LP Kulovalkeantie: https://www.espoo.fi/en/unit/62633; Car park LP Kurkihirrentie: https://www.espoo.fi/en/unit/62592; Car park LP Kurtinmalmi: https://www.espoo.fi/en/unit/62456; Car park LP Kuurinkallio: https://www.espoo.fi/en/unit/62667; Car park LP Kuurinniityntie: https://www.espoo.fi/en/unit/62471; Car park LP Kuusiniemi: https://www.espoo.fi/en/unit/62472; Car park LP Kylävainionkuja: https://www.espoo.fi/en/unit/62473; Car park LP Laakapelto: https://www.espoo.fi/en/unit/62597; Car park LP Lähdepurontie: https://www.espoo.fi/en/unit/62548; Car park LP Lakiaukio: https://www.espoo.fi/en/unit/62600; Car park LP Laudetie: https://www.espoo.fi/en/unit/62649; Car park LP Lehtikaskentie: https://www.espoo.fi/en/unit/77876; Car park LP Leppärousku: https://www.espoo.fi/en/unit/62624; Car park LP Lillhemtintie: https://www.espoo.fi/en/unit/62657; Car park LP Lindankuja: https://www.espoo.fi/en/unit/62635; Car park LP Lusikkatie 1: https://www.espoo.fi/en/unit/62634; Car park LP Maantienpelto 1: https://www.espoo.fi/en/unit/62549; Car park LP Maantienpelto 1: https://www.espoo.fi/en/unit/72649; Car park LP Maantienpelto 1: https://www.espoo.fi/en/unit/72647; Car park LP Maantienpelto 1: https://www.espoo.fi/en/unit/72648; Car park LP Maantienpelto 2: https://www.espoo.fi/en/unit/72646; Car park LP Maantienpelto 2: https://www.espoo.fi/en/unit/72643; Car park LP Maantienpelto 2: https://www.espoo.fi/en/unit/72644; Car park LP Maantienpelto 2: https://www.espoo.fi/en/unit/72645; Car park LP Maapallonkatu: https://www.espoo.fi/en/unit/62551; Car park LP Mäenrinne: https://www.espoo.fi/en/unit/62534; Car park LP Magneettikatu 1: https://www.espoo.fi/en/unit/62656; Car park LP Maininkitie 1: https://www.espoo.fi/en/unit/62552; Car park LP Martinkallio: https://www.espoo.fi/en/unit/62524; Car park LP Martinniitty: https://www.espoo.fi/en/unit/62525; Car park LP Matinlahdenkuja: https://www.espoo.fi/en/unit/62526; Car park LP Meiramikuja: https://www.espoo.fi/en/unit/62474; Car park LP Mellstenintie 1: https://www.espoo.fi/en/unit/62527; Car park LP Mellstenintie 2: https://www.espoo.fi/en/unit/73506; Car park LP Merisaapas: https://www.espoo.fi/en/unit/62530; Car park LP Merivalkama: https://www.espoo.fi/en/unit/62507; Car park LP Munkkiluodonkuja: https://www.espoo.fi/en/unit/62531; Car park LP Mustanotko: https://www.espoo.fi/en/unit/62532; Car park LP Myntinsyrjä: https://www.espoo.fi/en/unit/62533; Car park LP Niipperinpelto: https://www.espoo.fi/en/unit/62263; Car park LP Nikkarinkuja: https://www.espoo.fi/en/unit/62590; Car park LP Nokkalanniemi: https://www.espoo.fi/en/unit/62644; Car park LP Nokkalanpuisto: https://www.espoo.fi/en/unit/62591; Car park LP Nuotiotie: https://www.espoo.fi/en/unit/62602; Car park LP Nuuksiontie: https://www.espoo.fi/en/unit/62480; Car park LP Olarinniitynaukio: https://www.espoo.fi/en/unit/62603; Car park LP Oxfotinkuja: https://www.espoo.fi/en/unit/62555; Car park LP Patokuja: https://www.espoo.fi/en/unit/62477; Car park LP Penkkikuja: https://www.espoo.fi/en/unit/62645; Car park LP Pohjoisentie: https://www.espoo.fi/en/unit/62646; Car park LP Poutahaukankuja: https://www.espoo.fi/en/unit/62538; Car park LP Puolarmaari 2: https://www.espoo.fi/en/unit/62539; Car park LP Puronvarsi 2: https://www.espoo.fi/en/unit/62615; Car park LP Ranakuja: https://www.espoo.fi/en/unit/67738; Car park LP Ratapölkky: https://www.espoo.fi/en/unit/62493; Car park LP Reserviläisentie: https://www.espoo.fi/en/unit/62650; Car park LP Riihiniityntie: https://www.espoo.fi/en/unit/62486; Car park LP Ristiaallokonkatu: https://www.espoo.fi/en/unit/62487; Car park LP Runoratsunkatu 2: https://www.espoo.fi/en/unit/63366; Car park LP Ruukinkuja: https://www.espoo.fi/en/unit/62489; Car park LP Saarniraiviontie: https://www.espoo.fi/en/unit/62560; Car park LP Satukuja: https://www.espoo.fi/en/unit/62491; Car park LP Sepontie 1: https://www.espoo.fi/en/unit/62478; Car park LP Siuntionkuja: https://www.espoo.fi/en/unit/62479; Car park LP Soukankuja 1: https://www.espoo.fi/en/unit/62665; Car park LP Soukankuja 3: https://www.espoo.fi/en/unit/62617; Car park LP Suohaukankuja: https://www.espoo.fi/en/unit/62433; Car park LP Suokulma: https://www.espoo.fi/en/unit/62455; Car park LP Takojantie: https://www.espoo.fi/en/unit/62519; Car park LP Tammihaantie 1: https://www.espoo.fi/en/unit/62541; Car park LP Tammitie: https://www.espoo.fi/en/unit/62481; Car park LP Tiistinkallio: https://www.espoo.fi/en/unit/62556; Car park LP Tuomarilantie: https://www.espoo.fi/en/unit/62494; Car park LP Turkispiha: https://www.espoo.fi/en/unit/62501; Car park LP Turveradantie: https://www.espoo.fi/en/unit/62482; Car park LP Tuulikuja: https://www.espoo.fi/en/unit/62495; Car park LP Tuulikuja: https://www.espoo.fi/en/unit/64839; Car park LP Ullanmäenkulma: https://www.espoo.fi/en/unit/62655; Car park LP Ullantorpantie: https://www.espoo.fi/en/unit/62483; Car park LP Urheilukentäntie: https://www.espoo.fi/en/unit/62499; Car park LP Vaahtopää: https://www.espoo.fi/en/unit/62460; Car park LP Vanha Hämeenkyläntie: https://www.espoo.fi/en/unit/72482; Car park LP Vanha Hämeenkyläntie: https://www.espoo.fi/en/unit/72481; Car park LP Vanha Kirkkotie: https://www.espoo.fi/en/unit/62442; Car park LP Vanha Pisantie: https://www.espoo.fi/en/unit/62536; Car park LP Veininkatu 1: https://www.espoo.fi/en/unit/62622; Car park LP Veininkatu 2: https://www.espoo.fi/en/unit/68789; Car park LP Venepuuntie: https://www.espoo.fi/en/unit/62623; Car park LP Veräjäpellonkatu 1: https://www.espoo.fi/en/unit/62629; Car park LP Veräjäpellonkatu 2: https://www.espoo.fi/en/unit/62626; Car park LP Viherkallionkuja: https://www.espoo.fi/en/unit/62631; Car park LP Viherkalliontie: https://www.espoo.fi/en/unit/62575; Car park LP Vilkkupoiju: https://www.espoo.fi/en/unit/62537; Car park LP Villa Rulludd: https://www.espoo.fi/en/unit/62488; Car park LP Vilniementie: https://www.espoo.fi/en/unit/62557; Car park LP Yläkartanontie: https://www.espoo.fi/en/unit/62457; Car park LP Ylämaansola: https://www.espoo.fi/en/unit/75383; Car park LP Ylismäentie: https://www.espoo.fi/en/unit/62435; Car park Lukiotie: https://www.espoo.fi/en/unit/62352; Car park Lukupurontie: https://www.espoo.fi/en/unit/62353; Car park Luoteisrinne: https://www.espoo.fi/en/unit/62354; Car park Luuvanmäki: https://www.espoo.fi/en/unit/62305; Car park Maininkitie: https://www.espoo.fi/en/unit/62311; Car park Malminhaankuja: https://www.espoo.fi/en/unit/62315; Car park Mäntyviita: https://www.espoo.fi/en/unit/64739; Car park Matinlahdenranta, puisto: https://www.espoo.fi/en/unit/62643; Car park Matinniitty: https://www.espoo.fi/en/unit/62579; Car park Matinniitynkuja: https://www.espoo.fi/en/unit/62578; Car park Meriviitantie: https://www.espoo.fi/en/unit/62329; Car park Metsälammentie: https://www.espoo.fi/en/unit/62330; Car park Mikkeläntie: https://www.espoo.fi/en/unit/62332; Car park Nihtisillanpiha: https://www.espoo.fi/en/unit/62652; Car park Niittyrinne: https://www.espoo.fi/en/unit/62321; Car park Nissintie: https://www.espoo.fi/en/unit/62322; Car park Norppatie: https://www.espoo.fi/en/unit/62323; Car park Nuijamäki: https://www.espoo.fi/en/unit/62324; Car park Nuijavuori: https://www.espoo.fi/en/unit/62325; Car park Nuottaniementie: https://www.espoo.fi/en/unit/62355; Car park Nuumäentie: https://www.espoo.fi/en/unit/62356; Car park Nuuniitynkuja: https://www.espoo.fi/en/unit/62357; Car park Nyyrikintie: https://www.espoo.fi/en/unit/62358; Car park Odilammenkaarre: https://www.espoo.fi/en/unit/62642; Car park Oittaantie: https://www.espoo.fi/en/unit/62359; Car park Oittaantie: https://www.espoo.fi/en/unit/62360; Car park Olarinkatu: https://www.espoo.fi/en/unit/62518; Car park Olarinluoma: https://www.espoo.fi/en/unit/62363; Car park Olarinluoma: https://www.espoo.fi/en/unit/62362; Car park Oravannahkatori: https://www.espoo.fi/en/unit/62365; Car park Orionintie: https://www.espoo.fi/en/unit/62374; Car park Pääskyskuja: https://www.espoo.fi/en/unit/62367; Car park Pääskyskuja: https://www.espoo.fi/en/unit/78431; Car park Paimenenportti: https://www.espoo.fi/en/unit/62378; Car park Päiväperhontie: https://www.espoo.fi/en/unit/62366; Car park Pajuviita: https://www.espoo.fi/en/unit/62379; Car park Parrukuja: https://www.espoo.fi/en/unit/62380; Car park Perkkaantie: https://www.espoo.fi/en/unit/62625; Car park Perusmäentie: https://www.espoo.fi/en/unit/62381; Car park Pihkametsä: https://www.espoo.fi/en/unit/62585; Car park Piilopolku: https://www.espoo.fi/en/unit/62382; Car park Piispanmäenkuja: https://www.espoo.fi/en/unit/66822; Car park Piispantilankuja: https://www.espoo.fi/en/unit/62385; Car park Pitkänkalliontanhua: https://www.espoo.fi/en/unit/62386; Car park Planeetankatu: https://www.espoo.fi/en/unit/62387; Car park Puistopiha: https://www.espoo.fi/en/unit/62388; Car park Puosunrinne: https://www.espoo.fi/en/unit/62389; Car park Raanukuja: https://www.espoo.fi/en/unit/62368; Car park Rantarata: https://www.espoo.fi/en/unit/62492; Car park Rastaspuistontie: https://www.espoo.fi/en/unit/62370; Car park Ratamotie: https://www.espoo.fi/en/unit/62371; Car park Rintamäentanhua: https://www.espoo.fi/en/unit/62413; Car park Ruskaniitty: https://www.espoo.fi/en/unit/62425; Car park Sammalkalliontie: https://www.espoo.fi/en/unit/62517; Car park Sateenkaari: https://www.espoo.fi/en/unit/62427; Car park Saunalahdenkatu: https://www.espoo.fi/en/unit/62428; Car park Seilikaari: https://www.espoo.fi/en/unit/62390; Car park Seilimäki: https://www.espoo.fi/en/unit/62391; Car park Siltakuja: https://www.espoo.fi/en/unit/62561; Car park Sinikalliontie: https://www.espoo.fi/en/unit/62393; Car park Solisevantie: https://www.espoo.fi/en/unit/62394; Car park Sotarovastintie: https://www.espoo.fi/en/unit/62395; Car park Sotatuomarintie: https://www.espoo.fi/en/unit/62396; Car park Soukan rantatie: https://www.espoo.fi/en/unit/62397; Car park Soukankuja: https://www.espoo.fi/en/unit/62616; Car park Soukansyrjä: https://www.espoo.fi/en/unit/62398; Car park Tammihaantie: https://www.espoo.fi/en/unit/62412; Car park Tervamäki: https://www.espoo.fi/en/unit/62401; Car park Tiimalasintie: https://www.espoo.fi/en/unit/62584; Car park Tiistilänkuja: https://www.espoo.fi/en/unit/62403; Car park Tiistinniityntie: https://www.espoo.fi/en/unit/62404; Car park Tikapuunkoukku: https://www.espoo.fi/en/unit/64566; Car park Tikaslaakso: https://www.espoo.fi/en/unit/62654; Car park Tikasmäentie: https://www.espoo.fi/en/unit/63746; Car park Toppelundinportti: https://www.espoo.fi/en/unit/62405; Car park Tornihaukantie: https://www.espoo.fi/en/unit/62406; Car park Tuohistanhua: https://www.espoo.fi/en/unit/62409; Car park Turveradantie: https://www.espoo.fi/en/unit/62429; Car park Ukkohauentie: https://www.espoo.fi/en/unit/62430; Car park Ullantorppa: https://www.espoo.fi/en/unit/62431; Car park Uudenkirkontie: https://www.espoo.fi/en/unit/62436; Car park Uudenkylänmäki: https://www.espoo.fi/en/unit/63829; Car park Vaasanrinne: https://www.espoo.fi/en/unit/62438; Car park Valhallantie: https://www.espoo.fi/en/unit/62588; Car park Valkjärventie: https://www.espoo.fi/en/unit/62439; Car park Valopoiju: https://www.espoo.fi/en/unit/62440; Car park Veräjäpellonkatu: https://www.espoo.fi/en/unit/62443; Car park Vesirattaantie: https://www.espoo.fi/en/unit/64565; Car park Viherkalliontie: https://www.espoo.fi/en/unit/62446; Car park Viherpeiponkuja: https://www.espoo.fi/en/unit/62447; Car park Vuokselantie: https://www.espoo.fi/en/unit/62449; Car park Yhdyskunnankuja: https://www.espoo.fi/en/unit/62450; Car park Ylisrinne: https://www.espoo.fi/en/unit/62452; Parking for car share vehicles Aallonhuippu: https://www.espoo.fi/en/unit/68714; Parking for car share vehicles Aallonhuippu: https://www.espoo.fi/en/unit/68713; Parking for car share vehicles Aallonhuippu: https://www.espoo.fi/en/unit/68715; Parking for car share vehicles Espoon asematori: https://www.espoo.fi/en/unit/63880; Parking for car share vehicles Gräsanlaaksonkuja: https://www.espoo.fi/en/unit/62317; Parking for car share vehicles Haltijatontuntie: https://www.espoo.fi/en/unit/68719; Parking for car share vehicles Haltijatontuntie: https://www.espoo.fi/en/unit/68722; Parking for car share vehicles Haltijatontuntie: https://www.espoo.fi/en/unit/68723; Parking for car share vehicles Haltijatontuntie: https://www.espoo.fi/en/unit/68716; Parking for car share vehicles Haltijatontuntie: https://www.espoo.fi/en/unit/68721; Parking for car share vehicles Haltijatontuntie: https://www.espoo.fi/en/unit/68718; Parking for car share vehicles Haltijatontuntie: https://www.espoo.fi/en/unit/68717; Parking for car share vehicles Haltijatontuntie: https://www.espoo.fi/en/unit/68720; Parking for car share vehicles Hevosenkenkä: https://www.espoo.fi/en/unit/62280; Parking for car share vehicles Jämeräntaival: https://www.espoo.fi/en/unit/62271; Parking for car share vehicles Jämeräntaival: https://www.espoo.fi/en/unit/72607; Parking for car share vehicles Jämeräntaival: https://www.espoo.fi/en/unit/72608; Parking for car share vehicles Jämeräntaival: https://www.espoo.fi/en/unit/72614; Parking for car share vehicles Kaarlo Sarkian katu: https://www.espoo.fi/en/unit/68690; Parking for car share vehicles Kaarlo Sarkian katu: https://www.espoo.fi/en/unit/63365; Parking for car share vehicles Kaarlo Sarkian katu: https://www.espoo.fi/en/unit/68691; Parking for car share vehicles Kaarlo Sarkian katu: https://www.espoo.fi/en/unit/68689; Parking for car share vehicles Keilaniementie: https://www.espoo.fi/en/unit/62267; Parking for car share vehicles Kilonpuistonkatu: https://www.espoo.fi/en/unit/77869; Parking for car share vehicles Kilonpuistonkatu: https://www.espoo.fi/en/unit/77868; Parking for car share vehicles Kipparinkuja: https://www.espoo.fi/en/unit/62290; Parking for car share vehicles Komentajankatu: https://www.espoo.fi/en/unit/63878; Parking for car share vehicles Kotikyläntie: https://www.espoo.fi/en/unit/63833; Parking for car share vehicles Leirikaari: https://www.espoo.fi/en/unit/63834; Parking for car share vehicles Louhenkuja: https://www.espoo.fi/en/unit/62351; Parking for car share vehicles LP Everstinkuja: https://www.espoo.fi/en/unit/63840; Parking for car share vehicles LP Kastevuorenraitti: https://www.espoo.fi/en/unit/62670; Parking for car share vehicles LP Kiltakallio: https://www.espoo.fi/en/unit/63838; Parking for car share vehicles LP Kirstinmäki: https://www.espoo.fi/en/unit/63837; Parking for car share vehicles LP Kirstintie: https://www.espoo.fi/en/unit/63841; Parking for car share vehicles LP Kuunkehrä: https://www.espoo.fi/en/unit/62606; Parking for car share vehicles LP Lakelankatu: https://www.espoo.fi/en/unit/63845; Parking for car share vehicles LP Matinlahdenkuja: https://www.espoo.fi/en/unit/63842; Parking for car share vehicles LP Merikarhunkuja: https://www.espoo.fi/en/unit/62598; Parking for car share vehicles LP Nikkarinkuja: https://www.espoo.fi/en/unit/63844; Parking for car share vehicles LP Päiväkaari: https://www.espoo.fi/en/unit/62604; Parking for car share vehicles LP Päivänkehräntie: https://www.espoo.fi/en/unit/62605; Parking for car share vehicles LP Päivänkehräntie: https://www.espoo.fi/en/unit/68685; Parking for car share vehicles LP Ratapölkky: https://www.espoo.fi/en/unit/63839; Parking for car share vehicles LP Runoratsunkatu 1: https://www.espoo.fi/en/unit/68684; Parking for car share vehicles LP Satukuja: https://www.espoo.fi/en/unit/64762; Parking for car share vehicles LP Soukankaari: https://www.espoo.fi/en/unit/62432; Parking for car share vehicles LP Tiistinkallio: https://www.espoo.fi/en/unit/63843; Parking for car share vehicles LP Uuno Kailaan katu: https://www.espoo.fi/en/unit/68688; Parking for car share vehicles LP Uuno Kailaan katu: https://www.espoo.fi/en/unit/68687; Parking for car share vehicles Maapallonkuja: https://www.espoo.fi/en/unit/62309; Parking for car share vehicles Maapallonkuja: https://www.espoo.fi/en/unit/68712; Parking for car share vehicles Merivalkama: https://www.espoo.fi/en/unit/68704; Parking for car share vehicles Merivalkama: https://www.espoo.fi/en/unit/68703; Parking for car share vehicles Niittyportti: https://www.espoo.fi/en/unit/68710; Parking for car share vehicles Niittyportti: https://www.espoo.fi/en/unit/68707; Parking for car share vehicles Niittyportti: https://www.espoo.fi/en/unit/68711; Parking for car share vehicles Niittyportti: https://www.espoo.fi/en/unit/68706; Parking for car share vehicles Niittyportti: https://www.espoo.fi/en/unit/68709; Parking for car share vehicles Niittyportti: https://www.espoo.fi/en/unit/68708; Parking for car share vehicles Nokitontunkuja: https://www.espoo.fi/en/unit/68705; Parking for car share vehicles Päiväkummuntie: https://www.espoo.fi/en/unit/68702; Parking for car share vehicles Päivänkaari: https://www.espoo.fi/en/unit/68701; Parking for car share vehicles Purnukuja: https://www.espoo.fi/en/unit/62582; Parking for car share vehicles Ruorimiehenkatu: https://www.espoo.fi/en/unit/68693; Parking for car share vehicles Ruorimiehenkatu: https://www.espoo.fi/en/unit/68694; Parking for car share vehicles Ruorimiehenkatu: https://www.espoo.fi/en/unit/68692; Parking for car share vehicles Ruotutie: https://www.espoo.fi/en/unit/78424; Parking for car share vehicles Ruotutie: https://www.espoo.fi/en/unit/78426; Parking for car share vehicles Ruotutie: https://www.espoo.fi/en/unit/78425; Parking for car share vehicles Ruotutorppa: https://www.espoo.fi/en/unit/77642; Parking for car share vehicles Ruutikatu: https://www.espoo.fi/en/unit/68138; Parking for car share vehicles Ruutikatu: https://www.espoo.fi/en/unit/68136; Parking for car share vehicles Ruutikatu: https://www.espoo.fi/en/unit/63836; Parking for car share vehicles Ruutikatu: https://www.espoo.fi/en/unit/68137; Parking for car share vehicles Soukankaari: https://www.espoo.fi/en/unit/68699; Parking for car share vehicles Soukankaari: https://www.espoo.fi/en/unit/68700; Parking for car share vehicles Tapionaukio: https://www.espoo.fi/en/unit/62400; Parking for car share vehicles Tapionaukio: https://www.espoo.fi/en/unit/62399; Parking for car share vehicles Tietotie: https://www.espoo.fi/en/unit/72605; Parking for car share vehicles Tietotie: https://www.espoo.fi/en/unit/72606; Parking for car share vehicles Tietotie: https://www.espoo.fi/en/unit/72604; Parking for car share vehicles Tietotie: https://www.espoo.fi/en/unit/62402; Parking for car share vehicles Tonttutytönkuja: https://www.espoo.fi/en/unit/68698; Parking for car share vehicles Tonttutytönpolku: https://www.espoo.fi/en/unit/68697; Parking for car share vehicles Tonttutytönpolku: https://www.espoo.fi/en/unit/68695; Parking for car share vehicles Tonttutytönpolku: https://www.espoo.fi/en/unit/68696; Parking for car share vehicles Trillakatu: https://www.espoo.fi/en/unit/77867; Parking for car share vehicles Ukonvaaja: https://www.espoo.fi/en/unit/68135; Parking for car share vehicles Ukonvaaja: https://www.espoo.fi/en/unit/68133; Parking for car share vehicles Ukonvaaja: https://www.espoo.fi/en/unit/68134; Parking for car share vehicles Veräjäpellonkatu: https://www.espoo.fi/en/unit/63847; Unrestrainedcar park Aallonhuippu: https://www.espoo.fi/en/unit/62236; Unrestrainedcar park Alberganesplanadi: https://www.espoo.fi/en/unit/62243; Unrestrainedcar park Artesaaninkatu: https://www.espoo.fi/en/unit/77476; Unrestrainedcar park Bertel Jungin aukio: https://www.espoo.fi/en/unit/62220; Unrestrainedcar park Bertel Jungin aukio: https://www.espoo.fi/en/unit/62221; Unrestrainedcar park Bertel Jungin aukio: https://www.espoo.fi/en/unit/62219; Unrestrainedcar park Espoon asematori: https://www.espoo.fi/en/unit/62568; Unrestrainedcar park Espoon asematori: https://www.espoo.fi/en/unit/62570; Unrestrainedcar park Espoon asematori: https://www.espoo.fi/en/unit/62565; Unrestrainedcar park Espoon asematori: https://www.espoo.fi/en/unit/62566; Unrestrainedcar park Espoon asematori: https://www.espoo.fi/en/unit/62569; Unrestrainedcar park Espoon vanha asemarakennus ja aseman makasiini: https://www.espoo.fi/en/unit/68397; Unrestrainedcar park Espoonkatu: https://www.espoo.fi/en/unit/62224; Unrestrainedcar park Glimsintie: https://www.espoo.fi/en/unit/62226; Unrestrainedcar park Hannuksenpuisto: https://www.espoo.fi/en/unit/64837; Unrestrainedcar park Hansavalkamanaukio: https://www.espoo.fi/en/unit/62408; Unrestrainedcar park Heinäportti: https://www.espoo.fi/en/unit/62279; Unrestrainedcar park Höyrylaivantie: https://www.espoo.fi/en/unit/73124; Unrestrainedcar park Huvilinnanmäki: https://www.espoo.fi/en/unit/62244; Unrestrainedcar park Huvilinnanmäki: https://www.espoo.fi/en/unit/62246; Unrestrainedcar park Huvilinnanmäki: https://www.espoo.fi/en/unit/62245; Unrestrainedcar park Itätuulenkuja: https://www.espoo.fi/en/unit/62257; Unrestrainedcar park Kaarlo Sarkian katu: https://www.espoo.fi/en/unit/62513; Unrestrainedcar park Kaarlo Sarkian katu: https://www.espoo.fi/en/unit/62512; Unrestrainedcar park Kamreerintie: https://www.espoo.fi/en/unit/62563; Unrestrainedcar park Karakalliontie: https://www.espoo.fi/en/unit/62521; Unrestrainedcar park Karamzininpuisto: https://www.espoo.fi/en/unit/62864; Unrestrainedcar park Kiannonkatu: https://www.espoo.fi/en/unit/67806; Unrestrainedcar park Kiannonkatu: https://www.espoo.fi/en/unit/67807; Unrestrainedcar park Kirkkojärventie: https://www.espoo.fi/en/unit/62292; Unrestrainedcar park Kirkkojärventie liityntäpysäköinti 1: https://www.espoo.fi/en/unit/62511; Unrestrainedcar park Kirkkojärventie liityntäpysäköinti 3: https://www.espoo.fi/en/unit/62223; Unrestrainedcar park Kirkkopolku: https://www.espoo.fi/en/unit/62294; Unrestrainedcar park Kirstinmäki: https://www.espoo.fi/en/unit/62295; Unrestrainedcar park Koivu-Mankkaan viljelypalstat: https://www.espoo.fi/en/unit/75282; Unrestrainedcar park Kokinniitty: https://www.espoo.fi/en/unit/75289; Unrestrainedcar park Komentajankatu: https://www.espoo.fi/en/unit/63832; Unrestrainedcar park Kukkavaasinkatu: https://www.espoo.fi/en/unit/77477; Unrestrainedcar park Kulovalkeantie: https://www.espoo.fi/en/unit/62302; Unrestrainedcar park Kulttuuriaukio: https://www.espoo.fi/en/unit/62304; Unrestrainedcar park Kulttuuriaukio: https://www.espoo.fi/en/unit/64067; Unrestrainedcar park Kulttuuriaukio: https://www.espoo.fi/en/unit/64068; Unrestrainedcar park Kynäkatu: https://www.espoo.fi/en/unit/74761; Unrestrainedcar park Lähdeaukio: https://www.espoo.fi/en/unit/62307; Unrestrainedcar park Läkkisepänkuja: https://www.espoo.fi/en/unit/62308; Unrestrainedcar park Läkkitori: https://www.espoo.fi/en/unit/62516; Unrestrainedcar park Länsimetro Kaitaa: https://www.espoo.fi/en/unit/77479; Unrestrainedcar park Leppävaaranaukio: https://www.espoo.fi/en/unit/68206; Unrestrainedcar park Leppäviita: https://www.espoo.fi/en/unit/62340; Unrestrainedcar park Lintukorpi: https://www.espoo.fi/en/unit/62347; Unrestrainedcar park Lippajärventie: https://www.espoo.fi/en/unit/62350; Unrestrainedcar park LP Alkonmäenkuja: https://www.espoo.fi/en/unit/77478; Unrestrainedcar park LP Alustalaisentie: https://www.espoo.fi/en/unit/64499; Unrestrainedcar park LP Anjankuja: https://www.espoo.fi/en/unit/62463; Unrestrainedcar park LP Fonseenintie: https://www.espoo.fi/en/unit/62504; Unrestrainedcar park LP Kallvikinkartano: https://www.espoo.fi/en/unit/64543; Unrestrainedcar park LP Kirjoniitty: https://www.espoo.fi/en/unit/62573; Unrestrainedcar park LP Kirjurinkuja: https://www.espoo.fi/en/unit/62342; Unrestrainedcar park LP Kirkkopolku: https://www.espoo.fi/en/unit/64096; Unrestrainedcar park LP Kuunkehrä: https://www.espoo.fi/en/unit/62607; Unrestrainedcar park LP Kuunkehrä: https://www.espoo.fi/en/unit/62608; Unrestrainedcar park LP Maantienpelto 1: https://www.espoo.fi/en/unit/62576; Unrestrainedcar park LP Maantienpelto 2: https://www.espoo.fi/en/unit/62550; Unrestrainedcar park LP Matinkylän urheilukeskus: https://www.espoo.fi/en/unit/69123; Unrestrainedcar park LP Merivalkama: https://www.espoo.fi/en/unit/62508; Unrestrainedcar park LP Nissinpuisto: https://www.espoo.fi/en/unit/78304; Unrestrainedcar park LP Palolammenaukio: https://www.espoo.fi/en/unit/77904; Unrestrainedcar park LP Pohjoisentie: https://www.espoo.fi/en/unit/62647; Unrestrainedcar park LP Ranakuja: https://www.espoo.fi/en/unit/64371; Unrestrainedcar park LP Reserviläisentie: https://www.espoo.fi/en/unit/62651; Unrestrainedcar park LP Runoratsunkatu 1: https://www.espoo.fi/en/unit/63324; Unrestrainedcar park LP Runoratsunkatu 1: https://www.espoo.fi/en/unit/62659; Unrestrainedcar park LP Runoratsunkatu 2: https://www.espoo.fi/en/unit/62614; Unrestrainedcar park LP Satukuja: https://www.espoo.fi/en/unit/62490; Unrestrainedcar park LP Tuulikuja: https://www.espoo.fi/en/unit/62496; Unrestrainedcar park LP Urheilukentäntie: https://www.espoo.fi/en/unit/62500; Unrestrainedcar park LP Uuno Kailaan katu: https://www.espoo.fi/en/unit/62515; Unrestrainedcar park LP Veräjäpellonkatu 1: https://www.espoo.fi/en/unit/62630; Unrestrainedcar park LP Veräjäpellonkatu 2: https://www.espoo.fi/en/unit/62628; Unrestrainedcar park LP Veräjäpellonkatu 2: https://www.espoo.fi/en/unit/62627; Unrestrainedcar park LP Yläkartanontie: https://www.espoo.fi/en/unit/62458; Unrestrainedcar park Maapallonkuja: https://www.espoo.fi/en/unit/62310; Unrestrainedcar park Majurinpolku: https://www.espoo.fi/en/unit/62314; Unrestrainedcar park Majurinpolku: https://www.espoo.fi/en/unit/62313; Unrestrainedcar park Matinlahdenranta, puisto: https://www.espoo.fi/en/unit/67591; Unrestrainedcar park Matinniitynkuja: https://www.espoo.fi/en/unit/62577; Unrestrainedcar park Matinpuronranta: https://www.espoo.fi/en/unit/75215; Unrestrainedcar park Matinpuronranta: https://www.espoo.fi/en/unit/75216; Unrestrainedcar park Menninkäisenpolku: https://www.espoo.fi/en/unit/67754; Unrestrainedcar park Menninkäisentie: https://www.espoo.fi/en/unit/77482; Unrestrainedcar park Merenkulkijanpolku: https://www.espoo.fi/en/unit/73151; Unrestrainedcar park Merituulentie: https://www.espoo.fi/en/unit/62327; Unrestrainedcar park Merivalkama: https://www.espoo.fi/en/unit/62328; Unrestrainedcar park Merivirta: https://www.espoo.fi/en/unit/73126; Unrestrainedcar park Nelikkotie: https://www.espoo.fi/en/unit/62319; Unrestrainedcar park Niittykallio: https://www.espoo.fi/en/unit/68676; Unrestrainedcar park Niittylaakso: https://www.espoo.fi/en/unit/62320; Unrestrainedcar park Oittaantie: https://www.espoo.fi/en/unit/62361; Unrestrainedcar park Olkiportti: https://www.espoo.fi/en/unit/62364; Unrestrainedcar park Parkvillanpiha: https://www.espoo.fi/en/unit/62596; Unrestrainedcar park Patruunakatu: https://www.espoo.fi/en/unit/67803; Unrestrainedcar park Perilänkuja: https://www.espoo.fi/en/unit/62668; Unrestrainedcar park Perilänniitty: https://www.espoo.fi/en/unit/62669; Unrestrainedcar park Perkkaanniitty: https://www.espoo.fi/en/unit/69117; Unrestrainedcar park Perkkaanniitty: https://www.espoo.fi/en/unit/69118; Unrestrainedcar park Piispansilta: https://www.espoo.fi/en/unit/62384; Unrestrainedcar park Rauhalanpuisto: https://www.espoo.fi/en/unit/62373; Unrestrainedcar park Revontulenkuja: https://www.espoo.fi/en/unit/62546; Unrestrainedcar park Ristiaallokonkatu: https://www.espoo.fi/en/unit/62414; Unrestrainedcar park Rummunlyöjänkatu: https://www.espoo.fi/en/unit/62423; Unrestrainedcar park Ruskaniitty: https://www.espoo.fi/en/unit/62424; Unrestrainedcar park Siltakatu: https://www.espoo.fi/en/unit/62392; Unrestrainedcar park Suviniitynkuja: https://www.espoo.fi/en/unit/68290; Unrestrainedcar park Suviniitynkuja: https://www.espoo.fi/en/unit/68291; Unrestrainedcar park Tikasmäentie: https://www.espoo.fi/en/unit/63747; Unrestrainedcar park Tikasmäentie: https://www.espoo.fi/en/unit/63748; Unrestrainedcar park Tuomarilan viljelypalsta: https://www.espoo.fi/en/unit/74060; Unrestrainedcar park Tynnyritie: https://www.espoo.fi/en/unit/68742; Unrestrainedcar park Tynnyritie: https://www.espoo.fi/en/unit/68741; Unrestrainedcar park Tynnyritie: https://www.espoo.fi/en/unit/75776; Unrestrainedcar park Ulappapolku: https://www.espoo.fi/en/unit/77934; Unrestrainedcar park Uudenkirkontie: https://www.espoo.fi/en/unit/62437; Unrestrainedcar park Uuno Kailaan katu: https://www.espoo.fi/en/unit/62514; Unrestrainedcar park Valhallantie: https://www.espoo.fi/en/unit/62587; Unrestrainedcar park Valopoiju: https://www.espoo.fi/en/unit/62441; Unrestrainedcar park Veräjänpieli: https://www.espoo.fi/en/unit/68235; Unrestrainedcar park Viherkalliontie: https://www.espoo.fi/en/unit/77481; Unrestrainedcar park Viherkalliontie: https://www.espoo.fi/en/unit/62444; Unrestrainedcar park Viherkalliontie: https://www.espoo.fi/en/unit/62445; Unrestrainedcar park Viherkalliontie: https://www.espoo.fi/en/unit/77480; Unrestrainedcar park Viherlaaksontori: https://www.espoo.fi/en/unit/62543; Unrestrainedcar park Viherlaaksontori: https://www.espoo.fi/en/unit/62544; Unrestrainedcar park Virastopiha: https://www.espoo.fi/en/unit/62448; Unrestrainedcar park Vuoritontuntie: https://www.espoo.fi/en/unit/68729; Unrestrainedcar park Vuoritontuntie: https://www.espoo.fi/en/unit/68686; Unrestrainedcar park Yhdyskunnankuja: https://www.espoo.fi/en/unit/62451; Unrestrainedcar park Yläkartanonkuja: https://www.espoo.fi/en/unit/62453; Urban Environment Customer Service: https://www.espoo.fi/en/unit/63749";13.10.2025;Provides maps and information on parking zones across the Helsinki metropolitan area (including Espoo) and guidance on zoning and building-permit requirements for parking spaces, including resident, guest, and business parking areas.
Parking spaces for persons with reduced mobility;https://www.espoo.fi/en/services/parking-spaces-persons-reduced-mobility;Some parking spaces for persons with reduced mobility are indicated on the Service Map. In addition, some parking spaces are available in the immediate vicinity of most public services such as health centres, schools and swimming pools.;Some parking spaces for persons with reduced mobility are indicated on the Service Map. In addition, some parking spaces are available in the immediate vicinity of most public services such as health centres, schools and swimming pools.;"Unrestrainedcar park Aallonhuippu: https://www.espoo.fi/en/unit/62236; Unrestrainedcar park Alberganesplanadi: https://www.espoo.fi/en/unit/62243; Unrestrainedcar park Artesaaninkatu: https://www.espoo.fi/en/unit/77476; Unrestrainedcar park Bertel Jungin aukio: https://www.espoo.fi/en/unit/62220; Unrestrainedcar park Bertel Jungin aukio: https://www.espoo.fi/en/unit/62221; Unrestrainedcar park Bertel Jungin aukio: https://www.espoo.fi/en/unit/62219; Unrestrainedcar park Espoon asematori: https://www.espoo.fi/en/unit/62568; Unrestrainedcar park Espoon asematori: https://www.espoo.fi/en/unit/62570; Unrestrainedcar park Espoon asematori: https://www.espoo.fi/en/unit/62565; Unrestrainedcar park Espoon asematori: https://www.espoo.fi/en/unit/62566; Unrestrainedcar park Espoon asematori: https://www.espoo.fi/en/unit/62569; Unrestrainedcar park Espoon vanha asemarakennus ja aseman makasiini: https://www.espoo.fi/en/unit/68397; Unrestrainedcar park Espoonkatu: https://www.espoo.fi/en/unit/62224; Unrestrainedcar park Glimsintie: https://www.espoo.fi/en/unit/62226; Unrestrainedcar park Hannuksenpuisto: https://www.espoo.fi/en/unit/64837; Unrestrainedcar park Hansavalkamanaukio: https://www.espoo.fi/en/unit/62408; Unrestrainedcar park Heinäportti: https://www.espoo.fi/en/unit/62279; Unrestrainedcar park Höyrylaivantie: https://www.espoo.fi/en/unit/73124; Unrestrainedcar park Huvilinnanmäki: https://www.espoo.fi/en/unit/62244; Unrestrainedcar park Huvilinnanmäki: https://www.espoo.fi/en/unit/62246; Unrestrainedcar park Huvilinnanmäki: https://www.espoo.fi/en/unit/62245; Unrestrainedcar park Itätuulenkuja: https://www.espoo.fi/en/unit/62257; Unrestrainedcar park Kaarlo Sarkian katu: https://www.espoo.fi/en/unit/62513; Unrestrainedcar park Kaarlo Sarkian katu: https://www.espoo.fi/en/unit/62512; Unrestrainedcar park Kamreerintie: https://www.espoo.fi/en/unit/62563; Unrestrainedcar park Karakalliontie: https://www.espoo.fi/en/unit/62521; Unrestrainedcar park Karamzininpuisto: https://www.espoo.fi/en/unit/62864; Unrestrainedcar park Kiannonkatu: https://www.espoo.fi/en/unit/67806; Unrestrainedcar park Kiannonkatu: https://www.espoo.fi/en/unit/67807; Unrestrainedcar park Kirkkojärventie: https://www.espoo.fi/en/unit/62292; Unrestrainedcar park Kirkkojärventie liityntäpysäköinti 1: https://www.espoo.fi/en/unit/62511; Unrestrainedcar park Kirkkojärventie liityntäpysäköinti 3: https://www.espoo.fi/en/unit/62223; Unrestrainedcar park Kirkkopolku: https://www.espoo.fi/en/unit/62294; Unrestrainedcar park Kirstinmäki: https://www.espoo.fi/en/unit/62295; Unrestrainedcar park Koivu-Mankkaan viljelypalstat: https://www.espoo.fi/en/unit/75282; Unrestrainedcar park Kokinniitty: https://www.espoo.fi/en/unit/75289; Unrestrainedcar park Komentajankatu: https://www.espoo.fi/en/unit/63832; Unrestrainedcar park Kukkavaasinkatu: https://www.espoo.fi/en/unit/77477; Unrestrainedcar park Kulovalkeantie: https://www.espoo.fi/en/unit/62302; Unrestrainedcar park Kulttuuriaukio: https://www.espoo.fi/en/unit/62304; Unrestrainedcar park Kulttuuriaukio: https://www.espoo.fi/en/unit/64067; Unrestrainedcar park Kulttuuriaukio: https://www.espoo.fi/en/unit/64068; Unrestrainedcar park Kynäkatu: https://www.espoo.fi/en/unit/74761; Unrestrainedcar park Lähdeaukio: https://www.espoo.fi/en/unit/62307; Unrestrainedcar park Läkkisepänkuja: https://www.espoo.fi/en/unit/62308; Unrestrainedcar park Läkkitori: https://www.espoo.fi/en/unit/62516; Unrestrainedcar park Länsimetro Kaitaa: https://www.espoo.fi/en/unit/77479; Unrestrainedcar park Leppävaaranaukio: https://www.espoo.fi/en/unit/68206; Unrestrainedcar park Leppäviita: https://www.espoo.fi/en/unit/62340; Unrestrainedcar park Lintukorpi: https://www.espoo.fi/en/unit/62347; Unrestrainedcar park Lippajärventie: https://www.espoo.fi/en/unit/62350; Unrestrainedcar park LP Alkonmäenkuja: https://www.espoo.fi/en/unit/77478; Unrestrainedcar park LP Alustalaisentie: https://www.espoo.fi/en/unit/64499; Unrestrainedcar park LP Anjankuja: https://www.espoo.fi/en/unit/62463; Unrestrainedcar park LP Fonseenintie: https://www.espoo.fi/en/unit/62504; Unrestrainedcar park LP Kallvikinkartano: https://www.espoo.fi/en/unit/64543; Unrestrainedcar park LP Kirjoniitty: https://www.espoo.fi/en/unit/62573; Unrestrainedcar park LP Kirjurinkuja: https://www.espoo.fi/en/unit/62342; Unrestrainedcar park LP Kirkkopolku: https://www.espoo.fi/en/unit/64096; Unrestrainedcar park LP Kuunkehrä: https://www.espoo.fi/en/unit/62607; Unrestrainedcar park LP Kuunkehrä: https://www.espoo.fi/en/unit/62608; Unrestrainedcar park LP Maantienpelto 1: https://www.espoo.fi/en/unit/62576; Unrestrainedcar park LP Maantienpelto 2: https://www.espoo.fi/en/unit/62550; Unrestrainedcar park LP Matinkylän urheilukeskus: https://www.espoo.fi/en/unit/69123; Unrestrainedcar park LP Merivalkama: https://www.espoo.fi/en/unit/62508; Unrestrainedcar park LP Nissinpuisto: https://www.espoo.fi/en/unit/78304; Unrestrainedcar park LP Palolammenaukio: https://www.espoo.fi/en/unit/77904; Unrestrainedcar park LP Pohjoisentie: https://www.espoo.fi/en/unit/62647; Unrestrainedcar park LP Ranakuja: https://www.espoo.fi/en/unit/64371; Unrestrainedcar park LP Reserviläisentie: https://www.espoo.fi/en/unit/62651; Unrestrainedcar park LP Runoratsunkatu 1: https://www.espoo.fi/en/unit/63324; Unrestrainedcar park LP Runoratsunkatu 1: https://www.espoo.fi/en/unit/62659; Unrestrainedcar park LP Runoratsunkatu 2: https://www.espoo.fi/en/unit/62614; Unrestrainedcar park LP Satukuja: https://www.espoo.fi/en/unit/62490; Unrestrainedcar park LP Tuulikuja: https://www.espoo.fi/en/unit/62496; Unrestrainedcar park LP Urheilukentäntie: https://www.espoo.fi/en/unit/62500; Unrestrainedcar park LP Uuno Kailaan katu: https://www.espoo.fi/en/unit/62515; Unrestrainedcar park LP Veräjäpellonkatu 1: https://www.espoo.fi/en/unit/62630; Unrestrainedcar park LP Veräjäpellonkatu 2: https://www.espoo.fi/en/unit/62628; Unrestrainedcar park LP Veräjäpellonkatu 2: https://www.espoo.fi/en/unit/62627; Unrestrainedcar park LP Yläkartanontie: https://www.espoo.fi/en/unit/62458; Unrestrainedcar park Maapallonkuja: https://www.espoo.fi/en/unit/62310; Unrestrainedcar park Majurinpolku: https://www.espoo.fi/en/unit/62314; Unrestrainedcar park Majurinpolku: https://www.espoo.fi/en/unit/62313; Unrestrainedcar park Matinlahdenranta, puisto: https://www.espoo.fi/en/unit/67591; Unrestrainedcar park Matinniitynkuja: https://www.espoo.fi/en/unit/62577; Unrestrainedcar park Matinpuronranta: https://www.espoo.fi/en/unit/75215; Unrestrainedcar park Matinpuronranta: https://www.espoo.fi/en/unit/75216; Unrestrainedcar park Menninkäisenpolku: https://www.espoo.fi/en/unit/67754; Unrestrainedcar park Menninkäisentie: https://www.espoo.fi/en/unit/77482; Unrestrainedcar park Merenkulkijanpolku: https://www.espoo.fi/en/unit/73151; Unrestrainedcar park Merituulentie: https://www.espoo.fi/en/unit/62327; Unrestrainedcar park Merivalkama: https://www.espoo.fi/en/unit/62328; Unrestrainedcar park Merivirta: https://www.espoo.fi/en/unit/73126; Unrestrainedcar park Nelikkotie: https://www.espoo.fi/en/unit/62319; Unrestrainedcar park Niittykallio: https://www.espoo.fi/en/unit/68676; Unrestrainedcar park Niittylaakso: https://www.espoo.fi/en/unit/62320; Unrestrainedcar park Oittaantie: https://www.espoo.fi/en/unit/62361; Unrestrainedcar park Olkiportti: https://www.espoo.fi/en/unit/62364; Unrestrainedcar park Parkvillanpiha: https://www.espoo.fi/en/unit/62596; Unrestrainedcar park Patruunakatu: https://www.espoo.fi/en/unit/67803; Unrestrainedcar park Perilänkuja: https://www.espoo.fi/en/unit/62668; Unrestrainedcar park Perilänniitty: https://www.espoo.fi/en/unit/62669; Unrestrainedcar park Perkkaanniitty: https://www.espoo.fi/en/unit/69117; Unrestrainedcar park Perkkaanniitty: https://www.espoo.fi/en/unit/69118; Unrestrainedcar park Piispansilta: https://www.espoo.fi/en/unit/62384; Unrestrainedcar park Rauhalanpuisto: https://www.espoo.fi/en/unit/62373; Unrestrainedcar park Revontulenkuja: https://www.espoo.fi/en/unit/62546; Unrestrainedcar park Ristiaallokonkatu: https://www.espoo.fi/en/unit/62414; Unrestrainedcar park Rummunlyöjänkatu: https://www.espoo.fi/en/unit/62423; Unrestrainedcar park Ruskaniitty: https://www.espoo.fi/en/unit/62424; Unrestrainedcar park Siltakatu: https://www.espoo.fi/en/unit/62392; Unrestrainedcar park Suviniitynkuja: https://www.espoo.fi/en/unit/68290; Unrestrainedcar park Suviniitynkuja: https://www.espoo.fi/en/unit/68291; Unrestrainedcar park Tikasmäentie: https://www.espoo.fi/en/unit/63747; Unrestrainedcar park Tikasmäentie: https://www.espoo.fi/en/unit/63748; Unrestrainedcar park Tuomarilan viljelypalsta: https://www.espoo.fi/en/unit/74060; Unrestrainedcar park Tynnyritie: https://www.espoo.fi/en/unit/68742; Unrestrainedcar park Tynnyritie: https://www.espoo.fi/en/unit/68741; Unrestrainedcar park Tynnyritie: https://www.espoo.fi/en/unit/75776; Unrestrainedcar park Ulappapolku: https://www.espoo.fi/en/unit/77934; Unrestrainedcar park Uudenkirkontie: https://www.espoo.fi/en/unit/62437; Unrestrainedcar park Uuno Kailaan katu: https://www.espoo.fi/en/unit/62514; Unrestrainedcar park Valhallantie: https://www.espoo.fi/en/unit/62587; Unrestrainedcar park Valopoiju: https://www.espoo.fi/en/unit/62441; Unrestrainedcar park Veräjänpieli: https://www.espoo.fi/en/unit/68235; Unrestrainedcar park Viherkalliontie: https://www.espoo.fi/en/unit/77481; Unrestrainedcar park Viherkalliontie: https://www.espoo.fi/en/unit/62444; Unrestrainedcar park Viherkalliontie: https://www.espoo.fi/en/unit/62445; Unrestrainedcar park Viherkalliontie: https://www.espoo.fi/en/unit/77480; Unrestrainedcar park Viherlaaksontori: https://www.espoo.fi/en/unit/62543; Unrestrainedcar park Viherlaaksontori: https://www.espoo.fi/en/unit/62544; Unrestrainedcar park Virastopiha: https://www.espoo.fi/en/unit/62448; Unrestrainedcar park Vuoritontuntie: https://www.espoo.fi/en/unit/68729; Unrestrainedcar park Vuoritontuntie: https://www.espoo.fi/en/unit/68686; Unrestrainedcar park Yhdyskunnankuja: https://www.espoo.fi/en/unit/62451; Unrestrainedcar park Yläkartanonkuja: https://www.espoo.fi/en/unit/62453";13.10.2025;Accessible parking spaces for persons with reduced mobility are indicated on the Service Map and are located near public services such as health centres, schools, and swimming pools.
Pay subsidies;https://www.espoo.fi/en/services/pay-subsidies;"A pay subsidy is an economic benefit for employers to cover the pay of an unemployed jobseeker.


A pay subsidy is a benefit intended to promote the employment of unemployed jobseekers that an employment authority can grant to an employer to cover pay costs. The purpose of work supported by pay subsidy is to promote the employment of unemployed job seekers in the open labour market and to improve their professional competence. Pay subsidy also helps people with reduced work ability and those aged 60 or over who have been unemployed for an extended period to find work and participate in the world of work. The subsidy is granted and paid to the employer, but its granting is always based on the unemployed jobseeker's service need.

A pay subsidy may be granted for
- open-ended full-time employment
- fixed-term full-time employment
- apprenticeship training
- part-time employment if the granter of the subsidy feels that it is appropriate and that it promotes the jobseeker's possibilities to find employment.

The employment authority assesses whether the subsidy is the most appropriate means of promoting the employment of the unemployed jobseeker and decides separately the duration and amount of each support period. The unemployed jobseeker's employment plan or pay subsidy card includes a mention of the pay subsidy.

The length of the pay subsidy period depends on the duration of the person's unemployment and the impact a possibly reduced work ability might have on their work performance. Depending on the duration of the unemployment preceding the pay subsidy, the subsidy would be granted for five or ten months. The subsidy is granted for the duration of the employment relationship at most. The subsidy may be granted for hiring a long-term unemployed person aged 60 or over for a maximum of 24 months at a time.

In most cases, the amount of the pay subsidy is 50% of the salary costs incurred by the person hired with the subsidy. The amount of support granted for hiring a person with reduced work ability is 70% of their pay. The amount of support for an association, foundation or registered religious community may be 100% of the pay. The amount of subsidy granted is between 1,260 and 2,020 euros per month, depending on the grounds for granting. The pay covered with the subsidy is the pay subject to withholding tax that is paid to the employee on the basis of working hours or the performance of a contract.";"A pay subsidy is an economic benefit for employers to cover the pay of an unemployed jobseeker.
";"Espoo Employment Services, office in Sello: https://www.espoo.fi/en/unit/76109; Espoo Employment Services, Piispanportti office: https://www.espoo.fi/en/unit/63889";13.10.2025;Pay subsidies are government wage-support payments provided to employers to cover part of an unemployed jobseeker’s wages in order to promote their employment in the open labor market, including long-term unemployed, older workers, and those with reduced work ability, across open-ended, fixed-term, apprenticeship, or part-time roles.
Permit Extension;https://www.espoo.fi/en/services/permit-extension;"If the construction work subject to a building permit is not started within three years or completed within five years, the permit expires.An action permit, demolition permit or landscape work permit pires if the action is not carried out within three years. 

The time limit starts to run from the date on which the permit becomes legally valid. 

Upon separate application, the municipal Building Control authority may extend the validity of the permit for the commencement of work by a maximum of two years, provided that the legal conditions for the construction or other action are still valid. The period of validity of a permit to commence work may be extended only once. 
The time limits for completion of the work may be extended by up to three years at a time. 

";"If the construction work subject to a building permit is not started within three years or completed within five years, the permit expires.An action permit, demolition permit or landscape work permit pires if the action is not carried out within three years. 

The time limit starts to run from the date on which the permit becomes legally valid.";"Espoo Building Control: https://www.espoo.fi/en/unit/21970; Permit Extension: https://www.espoo.fi/fi-FI/Asuminen_ja_ymparisto/Rakentaminen/Rakennusvalvonta/Luvan_hakeminen/Jatkolupa";13.10.2025;Allows extending the validity of construction-related permits to start or finish work, with start extensions up to 2 years (once) and completion extensions up to 3 years per extension, to prevent expiry if conditions remain valid.
Permits for the yard and the surroundings;https://www.espoo.fi/en/services/permits-yard-and-surroundings;The permits for the yard and the surroundings mainly relate to operations that change the scenery, such as felling trees in the yard or major forest felling. Excavations or felling in street or park areas also require the city's permit and renting the area in question. The permits are administered by the City Planning Department, Public Works Department and Building Control.;The permits for the yard and the surroundings mainly relate to operations that change the scenery, such as felling trees in the yard or major forest felling. Excavations or felling in street or park areas also require the city's permit and renting the area in question. The permits are administered by the City Planning Department, Public Works Department and Building Control.;"Espoo Building Control: https://www.espoo.fi/en/unit/21970; Urban Environment Customer Service: https://www.espoo.fi/en/unit/63749";13.10.2025;This service issues and administers permits for alterations to outdoor spaces in yards and surroundings—such as tree felling, excavations, or use of streets and parks—through the City Planning, Public Works, and Building Control departments.
Photo archive services of the City Museum;https://www.espoo.fi/en/services/photo-archive-services-city-museum;"In the photo archive of the City Museum, you can study and order old photographs of Espoo by agreement.

It is easiest to browse the images in the Finna service, in which the museum has published photographs. The number is increasing all the time. Finna also includes many other things to investigate, such as documents about Espoo, maps and historical information about buildings. Photos published in Finna can be downloaded and used freely, as long as the Espoo City Museum and the name of the photographer are mentioned.

You can also come to the photo archive to study the photographs. The photo archive is located in the Espoo City Museum at Ahertajantie 5.


Finna: https://kamu.finna.fi/.

Photo archive:
tel. 050 3664944
kaupunginmuseo(at)espoo.fi";In the photo archive of the City Museum, you can study and order old photographs of Espoo by agreement.;KAMU Espoo City Museum: https://www.espoo.fi/en/unit/20405;13.10.2025;The City Museum's Photo Archive provides access to historic Espoo photographs for study and ordering by agreement, online via Finna or in person at the museum, with downloadable images usable with attribution.
Place names;https://www.espoo.fi/en/services/place-names;"Place names are the basis of our address system, a vital part of the cityscape and the creator of its symbolic meanings. Various requirements and hopes are therefore placed on place names. The objective of place name planning is to attach a name to the place and the tradition. An address that stands out and is effective in use is part of the everyday life of residents.

Place name planning builds distinctive city culture and regional image without forgetting the traditional place names created by residents of Espoo throughout the centuries.

These pages introduce you to the place names of Espoo and their planning:
http://www.espoo.fi/en-US/Housing_and_environment/City_planning/Place_names";Place names are the basis of our address system, a vital part of the cityscape and the creator of its symbolic meanings. Various requirements and hopes are therefore placed on place names. The objective of place name planning is to attach a name to the place and the tradition. An address that stands out and is effective in use is part of the everyday life of residents.;City Planning Department: https://www.espoo.fi/en/unit/21969;13.10.2025;Place name planning develops and maintains distinctive, usable place names for Espoo, connecting tradition with the city’s culture and its address system.
Playgrounds;https://www.espoo.fi/en/services/playgrounds;"Espoo has around 200 playgrounds and residents' parks run by the city.

Some of the city´s around 200 playgrounds have guided activities and some of the playgrounds also act as neighborhood sports areas. You can find the playgrounds through Espoo's own Map Service, or Service Map (Helsinki Region Infoshare). 

The city aims to keep playgrounds in good condition, providing users with safe, diverse, and comfortable play environments. Existing playgrounds are renovated, and new playgrounds are built in old and new residential areas.";Espoo has around 200 playgrounds and residents' parks run by the city.;"Aalloharja playground: https://www.espoo.fi/en/unit/29447; Ahertajantie playground: https://www.espoo.fi/en/unit/29449; Aitanurmi playground: https://www.espoo.fi/en/unit/35327; Alakartanonkuja playground: https://www.espoo.fi/en/unit/35328; Amiraalin puisto playground: https://www.espoo.fi/en/unit/29453; Angry Birds playground in Leppävaara Sports Park: https://www.espoo.fi/en/unit/57265; Ankkurinpohjanpuisto playground: https://www.espoo.fi/en/unit/35330; Ankkuripuisto playground: https://www.espoo.fi/en/unit/35331; Auringonkehrä playground: https://www.espoo.fi/en/unit/35332; Eestinaukio playground: https://www.espoo.fi/en/unit/35333; Entresse playground: https://www.espoo.fi/en/unit/35334; Everstinpuisto playground: https://www.espoo.fi/en/unit/35337; Finnoonniitty playground: https://www.espoo.fi/en/unit/35339; Haarssinpuisto playground: https://www.espoo.fi/en/unit/35340; Hans floor park playground: https://www.espoo.fi/en/unit/35341; Haukilahdenranta playground: https://www.espoo.fi/en/unit/29468; Hiirisuo residents' park: https://www.espoo.fi/en/unit/64122; Holmankorpi playground: https://www.espoo.fi/en/unit/35345; Hopealehto playground: https://www.espoo.fi/en/unit/29475; Hösmärinniitty playground: https://www.espoo.fi/en/unit/35347; Huvilinnanaukio playground: https://www.espoo.fi/en/unit/35346; Iivisniemenpelto playground: https://www.espoo.fi/en/unit/35348; Iivisniemenpuisto playground 1 and 2: https://www.espoo.fi/en/unit/35349; Iltapäivänsilta playground: https://www.espoo.fi/en/unit/57936; Iltaruskonpuisto playground: https://www.espoo.fi/en/unit/35350; Itäranta playground: https://www.espoo.fi/en/unit/29482; Itäviitta Park Playground: https://www.espoo.fi/en/unit/57269; Jalavapuisto playground: https://www.espoo.fi/en/unit/35351; Järvenperä residents' park: https://www.espoo.fi/en/unit/64123; Järvikorpi, playground: https://www.espoo.fi/en/unit/35412; Joukinaho playground: https://www.espoo.fi/en/unit/55868; Jukola playground: https://www.espoo.fi/en/unit/29485; Jupperi park playground: https://www.espoo.fi/en/unit/35352; Juvanpuisto playground: https://www.espoo.fi/en/unit/35353; Kalapuisto playground: https://www.espoo.fi/en/unit/35356; Kallionlaakso playground: https://www.espoo.fi/en/unit/35357; Karakallio residents' park: https://www.espoo.fi/en/unit/20324; Kartanopuisto playground: https://www.espoo.fi/en/unit/35360; Kaskenkaatajanpuisto playground: https://www.espoo.fi/en/unit/29498; Kattilanpohja playground: https://www.espoo.fi/en/unit/35362; Keijuniityntie playground: https://www.espoo.fi/en/unit/29501; Kilokallio playground: https://www.espoo.fi/en/unit/35363; Kippotie playground: https://www.espoo.fi/en/unit/29506; Kirkkojärvenranta playground: https://www.espoo.fi/en/unit/35366; Kivenlahti residents' park: https://www.espoo.fi/en/unit/20348; Koivuviidankenttä playground: https://www.espoo.fi/en/unit/35370; Kolmperä playground: https://www.espoo.fi/en/unit/29508; Kongsberginpuisto playground: https://www.espoo.fi/en/unit/35371; Korpimaa playground: https://www.espoo.fi/en/unit/35372; Kotiportinpuisto playground: https://www.espoo.fi/en/unit/35373; Koukkuniemenpuisto playground: https://www.espoo.fi/en/unit/35375; Krattivuori playground: https://www.espoo.fi/en/unit/29515; Krenatööri park playground: https://www.espoo.fi/en/unit/35377; Kuitinkallio playground: https://www.espoo.fi/en/unit/35378; Kuitinmäenkenttä playground: https://www.espoo.fi/en/unit/35379; Kuitinmäenpuisto playground: https://www.espoo.fi/en/unit/35380; Kulloonmäenpuisto playground: https://www.espoo.fi/en/unit/35381; Kuloniitty playground: https://www.espoo.fi/en/unit/35382; Kummelipuisto playground: https://www.espoo.fi/en/unit/57687; Kurkijoenpuisto playground: https://www.espoo.fi/en/unit/35384; Kurkijoentie playground: https://www.espoo.fi/en/unit/35385; Kuttulampi playground: https://www.espoo.fi/en/unit/35386; Kuurinkenttä playground: https://www.espoo.fi/en/unit/35387; Kuusikallionkenttä playground: https://www.espoo.fi/en/unit/35388; Kuutamopuisto playground: https://www.espoo.fi/en/unit/35389; Kuuttipuisto playground: https://www.espoo.fi/en/unit/35390; Kylätalo Palttina residents' park: https://www.espoo.fi/en/unit/20378; Lähdesilmä playground: https://www.espoo.fi/en/unit/35408; Lähetinpuisto playground: https://www.espoo.fi/en/unit/57261; Lainekallio playground: https://www.espoo.fi/en/unit/35410; Laivatori playground: https://www.espoo.fi/en/unit/35392; Landbacka Angry Birds playground: https://www.espoo.fi/en/unit/35393; Lansapuronpuisto playground: https://www.espoo.fi/en/unit/35394; Latokaski park playground: https://www.espoo.fi/en/unit/35396; Latokaski residents' park: https://www.espoo.fi/en/unit/20351; Lehtipuisto playground: https://www.espoo.fi/en/unit/35397; Leppälinnunkuja playground: https://www.espoo.fi/en/unit/35399; Leppävaara residents' park: https://www.espoo.fi/en/unit/20325; Lillhemtinpuisto playground: https://www.espoo.fi/en/unit/35403; Lukupuronpuisto playground: https://www.espoo.fi/en/unit/35404; Lystimäenpuisto playground: https://www.espoo.fi/en/unit/35407; Maapallonpuisto playground: https://www.espoo.fi/en/unit/35409; Mankkaa residents' park: https://www.espoo.fi/en/unit/20236; Martinkallio park playground: https://www.espoo.fi/en/unit/29551; Martinniitty park playground: https://www.espoo.fi/en/unit/35411; Matinkylä beach playground: https://www.espoo.fi/en/unit/57272; Matinkylä residents' park: https://www.espoo.fi/en/unit/20267; Matinkylä Sports Park playground: https://www.espoo.fi/en/unit/57268; Matinmetsä playground: https://www.espoo.fi/en/unit/35415; Matinniitty playground: https://www.espoo.fi/en/unit/63090; Mellsteninniemi playground: https://www.espoo.fi/en/unit/57263; Miilunkorpi playground: https://www.espoo.fi/en/unit/35416; Mikkelä park playground: https://www.espoo.fi/en/unit/35420; Mikkelänpelto playground: https://www.espoo.fi/en/unit/35417; Mikkelänrinne playground: https://www.espoo.fi/en/unit/35421; Muukalaispuisto playground: https://www.espoo.fi/en/unit/35422; Naapurinmäki playground: https://www.espoo.fi/en/unit/57275; Nestorinpolku playground: https://www.espoo.fi/en/unit/35423; Nihtimäki park playground: https://www.espoo.fi/en/unit/35424; Niipperi playground: https://www.espoo.fi/en/unit/35425; Niittykummunpuisto playground: https://www.espoo.fi/en/unit/35426; Niittypuisto playground: https://www.espoo.fi/en/unit/57262; Niittysilta park playground: https://www.espoo.fi/en/unit/57270; Noropuisto playground: https://www.espoo.fi/en/unit/55921; Nöykkiönpuisto playground: https://www.espoo.fi/en/unit/35430; Nuotiopuisto playground: https://www.espoo.fi/en/unit/35427; Nuottamiehenpuisto playground: https://www.espoo.fi/en/unit/35428; Nuottaniemi playground: https://www.espoo.fi/en/unit/29573; Nupurinkartanonpuisto playground: https://www.espoo.fi/en/unit/66837; Nurmikuukunen playground: https://www.espoo.fi/en/unit/29575; Nurmilinnunpuisto playground: https://www.espoo.fi/en/unit/35429; Odilampi playground: https://www.espoo.fi/en/unit/29578; Olari residents' park: https://www.espoo.fi/en/unit/20268; Otsolahti playground: https://www.espoo.fi/en/unit/29579; Otto-Iivari Meurman park playground: https://www.espoo.fi/en/unit/35433; Painiitty park playground: https://www.espoo.fi/en/unit/35434; Palokaivonkenttä playground: https://www.espoo.fi/en/unit/35435; Palttinapuisto playground: https://www.espoo.fi/en/unit/35436; Pattistenpelto playground: https://www.espoo.fi/en/unit/35438; Perkkaa residents' park: https://www.espoo.fi/en/unit/20326; Pihlajamäenpuisto playground: https://www.espoo.fi/en/unit/35442; Pihlajarinne playground: https://www.espoo.fi/en/unit/35443; Pisa residents' park: https://www.espoo.fi/en/unit/20352; Pisanpuisto playground: https://www.espoo.fi/en/unit/57267; Pitkänkorvenpuisto playground: https://www.espoo.fi/en/unit/35446; Pitkännotko playground: https://www.espoo.fi/en/unit/35447; Planeetta daycare playground: https://www.espoo.fi/en/unit/76687; Porttipuisto playground: https://www.espoo.fi/en/unit/35448; Purotanhua playground: https://www.espoo.fi/en/unit/35450; Puuhkalakinpuisto playground: https://www.espoo.fi/en/unit/35451; Rastasniitty playground: https://www.espoo.fi/en/unit/29597; Rinkelipuisto playground: https://www.espoo.fi/en/unit/35454; Rusakkopuisto playground: https://www.espoo.fi/en/unit/35456; Ryytimaa playground: https://www.espoo.fi/en/unit/35458; Saarenpelto playground: https://www.espoo.fi/en/unit/66835; Saarnimäki playground: https://www.espoo.fi/en/unit/35461; Sammalkallionkenttä playground: https://www.espoo.fi/en/unit/35462; Sampotori playground: https://www.espoo.fi/en/unit/29609; Sateentie playground: https://www.espoo.fi/en/unit/35463; Säterinkenttä playground: https://www.espoo.fi/en/unit/57271; Saudarkrokur park playground: https://www.espoo.fi/en/unit/35464; Saunalahdenpuisto playground: https://www.espoo.fi/en/unit/35465; Seitsenmerenpuisto playground: https://www.espoo.fi/en/unit/35466; Seponkenttä playground: https://www.espoo.fi/en/unit/29615; Siikajärvi playground: https://www.espoo.fi/en/unit/29616; Sikurimylly park playground: https://www.espoo.fi/en/unit/35468; Sinisiimes playground: https://www.espoo.fi/en/unit/35469; Soihtupuisto playground: https://www.espoo.fi/en/unit/35470; Soukanahde playground: https://www.espoo.fi/en/unit/35471; Soukka residents' park: https://www.espoo.fi/en/unit/20355; Suinonpuisto playground: https://www.espoo.fi/en/unit/35475; Suvela residents' park: https://www.espoo.fi/en/unit/20379; Syvänsalmi Park Playground: https://www.espoo.fi/en/unit/74810; Tähtimöpuisto playground: https://www.espoo.fi/en/unit/35488; Tapiola residents' park: https://www.espoo.fi/en/unit/20235; Tasakallio playground: https://www.espoo.fi/en/unit/35478; Tikanpuisto playground: https://www.espoo.fi/en/unit/35479; Tillinmäenkenttä playground: https://www.espoo.fi/en/unit/35480; Tornitaso playground: https://www.espoo.fi/en/unit/29637; Töyrylaakso playground: https://www.espoo.fi/en/unit/35489; Trillapuisto playground: https://www.espoo.fi/en/unit/35485; Tuohisniitty playground: https://www.espoo.fi/en/unit/35486; Tuuliniitty playground: https://www.espoo.fi/en/unit/29640; Tynnyripuisto playground: https://www.espoo.fi/en/unit/35487; Ulappatori playground: https://www.espoo.fi/en/unit/71767; Uusmäki playground: https://www.espoo.fi/en/unit/35491; Valkamanpuisto playground: https://www.espoo.fi/en/unit/55920; Vanha-Mankkaa park playground: https://www.espoo.fi/en/unit/35494; Vanha-Mankkaa park, north playground: https://www.espoo.fi/en/unit/29646; Vantinpuisto playground: https://www.espoo.fi/en/unit/29647; Viherkallio residents' park: https://www.espoo.fi/en/unit/20327; Viiripuisto playground: https://www.espoo.fi/en/unit/35497; Viiripuisto playground (west): https://www.espoo.fi/en/unit/57264; Vilpunpolku playground: https://www.espoo.fi/en/unit/29654; Viputie playground: https://www.espoo.fi/en/unit/29655; Vuoritontunpuisto playground: https://www.espoo.fi/en/unit/76635; Westend beach playground: https://www.espoo.fi/en/unit/57274; Westendinpuisto playground: https://www.espoo.fi/en/unit/35495; Yläkartanonpolku playground: https://www.espoo.fi/en/unit/35359; Ylämäenlaita playground: https://www.espoo.fi/en/unit/35499; Ymmerstanmäki playground: https://www.espoo.fi/en/unit/35500; Give feedback: https://easiointi.espoo.fi/eFeedback/en; Service Map (Helsinki Region Infoshare) : https://palvelukartta.hel.fi/en/; Espoo Map Service: https://kartat.espoo.fi/IMS/en/Map; Report a problem: https://easiointi.espoo.fi/eFeedback/en/Feedback/31-Vikailmoitukset; Espoo’s Playground Programme 2026–2036: https://www.espoo.fi/en/projects/espoos-playground-programme-2026-2036; Espoo’s Playground Programme 2016-2026 (only in Finnish) : https://static.espoo.fi/cdn/ff/5QaZxtc_331sPpm0Z_a-x0yEguEoK2cguSCXwsY7Tv8/1631877011/public/2021-09/Espoon_leikkipaikkaohjelma_raportti_PAIVITYS_140219_pienennetty_0.pdf";13.10.2025;Espoo's Playgrounds are the city's network of about 200 maintained playgrounds and residents' parks offering safe, diverse play spaces—with some guided activities and neighborhood sports areas—accessible via the city's Map Service.
Plot division or change thereof;https://www.espoo.fi/en/services/plot-division-or-change-thereof;"When the detailed plan has entered into force, a plot division is prepared in the area at the request of the landowner. The plot division is a block-level plan on how the block will be divided into building sites. The preparation of a plot subdivision takes approximately 2.5 months.  

A separate plot division or a change thereof is made at the written request of the owner of the area, if sufficient preconditions exist. The application can be submitted either through the electronic service (online application) or by sending it by post.

At the request of the landowner, an experimental calculation may be carried out in the city-plan area. An experimental calculation is a proposal on the kinds of building sites that can be formed in the area. The experimental calculation map can be used, for example, as an attachment map to a deed.

";When the detailed plan has entered into force, a plot division is prepared in the area at the request of the landowner. The plot division is a block-level plan on how the block will be divided into building sites. The preparation of a plot subdivision takes approximately 2.5 months. ;"City Surveying services: https://www.espoo.fi/en/unit/21972; Online application (You can only submit an application in Finnish and Swedish): https://easiointi.espoo.fi/ePermit/; Fee for preparing plot subdivision or a change thereof 1.1.2024: https://static.espoo.fi/cdn/ff/I1zZ0AKaiVl7285xL_4dFSig_HeQ49Ry0pJYg9kc_hs/1702900249/public/2023-12/Fee%20for%20preparing%20plot%20subdivision%20or%20a%20change%20thereof%201.1.2024_2.pdf; Application change of a plot subdivision: https://admin.espoo.fi/sites/default/files/2025-03/Application%20change%20of%20a%20plot%20subdivision.pdf; Instructions for how to apply for a plot division or change thereof: https://admin.espoo.fi/sites/default/files/2025-09/Instructions%20for%20how%20to%20apply%20for%20a%20plot%20division%20or%20change%20thereof.pdf";13.10.2025;This service allows landowners to apply for creating or amending a plot division (block-level plan) to define building sites within a detailed plan, with an optional experimental calculation of potential site layouts.
Plot elevation demonstration and marking and review of building location;https://www.espoo.fi/en/services/plot-elevation-demonstration-and-marking-and-review-building-location;"A plot elevation demonstration can be requested from the city survey services. A plot elevation demonstration is a measurement operation to show the elevation of a building site. 

Building location marking indicates the planned location of the building. A location review verifies the location of a building. A statement is given if necessary.";A plot elevation demonstration is a measurement operation to show the elevation of a building site.;City Surveying services: https://www.espoo.fi/en/unit/21972;13.10.2025;A service that measures and demonstrates the plot elevation of a building site, marks the planned building location, and reviews the location for accuracy, issuing a statement if required.
Preparatory education;https://www.espoo.fi/en/childcare-and-education/basic-education/preparatory-education;"Instruction preparing for basic education is intended for pupils who do not yet have sufficient Finnish language skills to attend basic education. Pupils attending preparatory education study Finnish and the skills needed in basic education. They also learn about Finnish culture and society..


Instruction preparing for basic education is intended for pupils who do not yet have sufficient Finnish language skills to attend basic education. Pupils attending preparatory education study Finnish and the skills needed in basic education. They also learn about Finnish culture and society.";"Instruction preparing for basic education is intended for pupils who do not yet have sufficient Finnish language skills to attend basic education. Pupils attending preparatory education study Finnish and the skills needed in basic education. They also learn about Finnish culture and society..
";N/A;13.10.2025;Preparatory education provides language instruction and foundational academic skills for students who do not yet have sufficient Finnish to enter basic education, including Finnish language training and an introduction to Finnish culture and society.
Preparatory education for pre-primary-age children;https://www.espoo.fi/en/childcare-and-education/pre-primary-education/preparatory-education-pre-primary-age-children;Children who speak little or no Finnish can receive preparatory pre-primary education. The goal of preparatory education is to improve the child's language skills and readiness for pre-primary and basic education.;Children who speak little or no Finnish can receive preparatory pre-primary education. The goal of preparatory education is to improve the child's language skills and readiness for pre-primary and basic education.;N/A;13.10.2025;A preparatory pre-primary education program for children who speak little or no Finnish, aimed at improving their language skills and readiness for pre-primary and basic education.
Private English-language day care centres;https://www.espoo.fi/en/childcare-and-education/early-childhood-education/private-english-language-day-care-centres;All private day care centres in Espoo that offer early childhood education in English are listed below on this page.;All private day care centres in Espoo that offer early childhood education in English are listed below on this page.;"Albatross daycare: https://www.espoo.fi/en/unit/75499; Albatross daycare: https://www.espoo.fi/en/unit/67588; Albatross Daycare: https://www.espoo.fi/en/unit/57611; Albatross Preschool: https://www.espoo.fi/en/unit/44192; Carousel Nursery School: https://www.espoo.fi/en/unit/24240; Fountain Square Playschool: https://www.espoo.fi/en/unit/20367; Happy Toddlers: https://www.espoo.fi/en/unit/20284; Honey Monsters - englanninkielinen kielikylpypäiväkoti, Olari: https://www.espoo.fi/en/unit/20283; Honey Monsters Keski-Espoo - englanninkielinen kielikylpypäiväkoti: https://www.espoo.fi/en/unit/20387; Jupperin Ankkalampi- Duckies: https://www.espoo.fi/en/unit/67907; Kauklahden Ankkalampi-Duckies: https://www.espoo.fi/en/unit/68631; Kiddifeet: https://www.espoo.fi/en/unit/52965; Kilon Ankkalampi-Duckies: https://www.espoo.fi/en/unit/52970; Pilke Merikatti: https://www.espoo.fi/en/unit/52956; Pilke Playschool Friisinmäki: https://www.espoo.fi/en/unit/56103; Pilke Playschool Mäntyviita: https://www.espoo.fi/en/unit/20238; Pilke Playschool Tapiola: https://www.espoo.fi/en/unit/53456; Pilke Playschool Westend: https://www.espoo.fi/en/unit/57884; Stepping Stones-Onnentupa Oy: https://www.espoo.fi/en/unit/20389; Touhula Seaside International: https://www.espoo.fi/en/unit/52949; Touhula Tikasmäki: https://www.espoo.fi/en/unit/52967; Your School: https://www.espoo.fi/en/unit/20285";13.10.2025;A directory of private day care centers in Espoo that offer English-language early childhood education.
Private day care centres receiving private day care allowance in Espoon keskus;https://www.espoo.fi/en/childcare-and-education/early-childhood-education/private-day-care-centres-receiving-private-day-care-allowance-espoon-keskus;"All private day care centres receiving private day care allowance in the Espoon keskus district are listed below on this page.

The listed day care centres here are primarily Finnish-language, but there may also be day care centres that offer Swedish language immersion as well as day care centres where early childhood education is provided in a non-native language. Most often, the language used in such cases is English.";"All private day care centres receiving private day care allowance in the Espoon keskus district are listed below on this page.

The listed day care centres here are primarily Finnish-language, but there may also be day care centres that offer Swedish language immersion as well as day care centres where early childhood education is provided in a non-native language. Most often, the language used in such cases is English.";"Honey Monsters Keski-Espoo - englanninkielinen kielikylpypäiväkoti: https://www.espoo.fi/en/unit/20387; Kauklahden Ankkalampi-Duckies: https://www.espoo.fi/en/unit/68631; Tuomarilan Helmi: https://www.espoo.fi/en/unit/67581";13.10.2025;This page lists private day care centres in Espoon keskus that receive private day care allowance, including Finnish- and Swedish-language centres and those offering early childhood education in non-native languages (often English).
Private day care centres receiving private day care allowance in Espoonlahti;https://www.espoo.fi/en/childcare-and-education/early-childhood-education/private-day-care-centres-receiving-private-day-care-allowance-espoonlahti;"All private day care centres receiving private day care allowance in the Espoonlahti district are listed below on this page.

The listed day care centres here are primarily Finnish-language, but there may also be day care centres that offer Swedish language immersion as well as day care centres where early childhood education is provided in a non-native language. Most often, the language used in such cases is English.";"All private day care centres receiving private day care allowance in the Espoonlahti district are listed below on this page.

The listed day care centres here are primarily Finnish-language, but there may also be day care centres that offer Swedish language immersion as well as day care centres where early childhood education is provided in a non-native language. Most often, the language used in such cases is English.";"Fountain Square Playschool: https://www.espoo.fi/en/unit/20367; Laurinlahden Ankkalampi - Ankdammen: https://www.espoo.fi/en/unit/20365; Luontopäiväkoti Kotilo: https://www.espoo.fi/en/unit/52955; Onnenmyyrä päiväkoti: https://www.espoo.fi/en/unit/20364";13.10.2025;This page lists all private day care centres in the Espoonlahti district that receive private day care allowance, including Finnish-language centres and those offering Swedish or other language instruction (often English).
Private day care centres receiving private day care allowance in Leppävaara;https://www.espoo.fi/en/childcare-and-education/early-childhood-education/private-day-care-centres-receiving-private-day-care-allowance-leppavaara;"All private day care centres receiving private day care allowance in the Leppävaara district are listed below on this page.

The listed day care centres here are primarily Finnish-language, but there may also be day care centres that offer Swedish language immersion as well as day care centres where early childhood education is provided in a non-native language. Most often, the language used in such cases is English.


All private day care centres receiving private day care allowance in the Leppävaara district are listed below on this page.

The listed day care centres here are primarily Finnish-language, but there may also be day care centres that offer Swedish language immersion as well as day care centres where early childhood education is provided in a non-native language. Most often, the language used in such cases is English.";"All private day care centres receiving private day care allowance in the Leppävaara district are listed below on this page.

The listed day care centres here are primarily Finnish-language, but there may also be day care centres that offer Swedish language immersion as well as day care centres where early childhood education is provided in a non-native language. Most often, the language used in such cases is English.
";"Albatross Daycare: https://www.espoo.fi/en/unit/57611; Albatross Preschool: https://www.espoo.fi/en/unit/44192; Jupperin Ankkalampi- Duckies: https://www.espoo.fi/en/unit/67907; Kilon Ankkalampi-Duckies: https://www.espoo.fi/en/unit/52970; P.P.Mummola-ryhmäperhepäiväkoti: https://www.espoo.fi/en/unit/55863; Päiväkoti Viidakkorumpu: https://www.espoo.fi/en/unit/60270";13.10.2025;A directory of private day care centres in Leppävaara that receive private day care allowances, including information on their language offerings (Finnish, Swedish, or other languages such as English).
Private day care centres receiving private day care allowance in Matinkylä-Olari;https://www.espoo.fi/en/childcare-and-education/early-childhood-education/private-day-care-centres-receiving-private-day-care-allowance-matinkyla-olari;"All private day care centres receiving private day care allowance in the Matinkylä-Olari district are listed below on this page.

The listed day care centres here are primarily Finnish-language, but there may also be day care centres that offer Swedish language immersion as well as day care centres where early childhood education is provided in a non-native language. Most often, the language used in such cases is English.
";"All private day care centres receiving private day care allowance in the Matinkylä-Olari district are listed below on this page.

The listed day care centres here are primarily Finnish-language, but there may also be day care centres that offer Swedish language immersion as well as day care centres where early childhood education is provided in a non-native language. Most often, the language used in such cases is English.
";"Carousel Nursery School: https://www.espoo.fi/en/unit/24240; Happy Toddlers: https://www.espoo.fi/en/unit/20284; Honey Monsters - englanninkielinen kielikylpypäiväkoti, Olari: https://www.espoo.fi/en/unit/20283; Kiddifeet: https://www.espoo.fi/en/unit/52965; Länsiväylän kielikylpy Olari 1 - ruotsinkielinen kielikylpypäiväkoti: https://www.espoo.fi/en/unit/20287; Länsiväylän kielikylpy, Olari 2 - ruotsinkielinen kielikylpypäiväkoti: https://www.espoo.fi/en/unit/72753; Päiväkoti Aarteet: https://www.espoo.fi/en/unit/20295; Päiväkoti Esikko: https://www.espoo.fi/en/unit/20290; Päiväkoti kuperkeikka: https://www.espoo.fi/en/unit/20294; Päiväkoti Pikkupiipari: https://www.espoo.fi/en/unit/20291; Steinerpäiväkoti Peukaloinen: https://www.espoo.fi/en/unit/20286; Venäläis-suomalainen ryhmäperhepäiväkoti Pieni Maa: https://www.espoo.fi/en/unit/55864; Your School: https://www.espoo.fi/en/unit/20285";13.10.2025;A directory of private day care centres in the Matinkylä-Olari district that receive private day care allowance, including centres offering Finnish, Swedish immersion, or other language instruction (often English).
Private day care centres receiving private day care allowance in Tapiola;https://www.espoo.fi/en/childcare-and-education/early-childhood-education/private-day-care-centres-receiving-private-day-care-allowance-tapiola;"All private day care centres receiving private day care allowance in the Tapiola district are listed below on this page.

The listed day care centres here are primarily Finnish-language, but there may also be day care centres that offer Swedish language immersion as well as day care centres where early childhood education is provided in a non-native language. Most often, the language used in such cases is English.
";"All private day care centres receiving private day care allowance in the Tapiola district are listed below on this page.

The listed day care centres here are primarily Finnish-language, but there may also be day care centres that offer Swedish language immersion as well as day care centres where early childhood education is provided in a non-native language. Most often, the language used in such cases is English.
";"Länsiväylän kielikylpy, Tapiola - ruotsin kielen kielikylpypäiväkoti: https://www.espoo.fi/en/unit/20243; Musiikki- ja Liikuntapäiväkoti Valssi: https://www.espoo.fi/en/unit/20244; Päiväkoti Murut: https://www.espoo.fi/en/unit/59996; Päiväkoti Polku: https://www.espoo.fi/en/unit/47295";13.10.2025;A directory of private day care centres in the Tapiola district that receive private day care allowances, including Finnish-language centres and others offering Swedish immersion or non-native language instruction (often English).
Private group family day care centres;https://www.espoo.fi/en/childcare-and-education/early-childhood-education/private-group-family-day-care-centres;In Espoo, there are private group family daycare centres. Two or three early childhood education employees work in a group family day care centre, and the size of the group is 8-12 children. All private Finnish and Swedish language family day care centres are listed below.;In Espoo, there are private group family daycare centres. Two or three early childhood education employees work in a group family day care centre, and the size of the group is 8-12 children. All private Finnish and Swedish language family day care centres are listed below.;"P.P.Mummola-ryhmäperhepäiväkoti: https://www.espoo.fi/en/unit/55863; Venäläis-suomalainen ryhmäperhepäiväkoti Pieni Maa: https://www.espoo.fi/en/unit/55864";13.10.2025;Private group family day care centres in Espoo offer small-group child care for 8–12 children, staffed by 2–3 early childhood education professionals, in Finnish and Swedish.
Private playground activities for small children;https://www.espoo.fi/en/childcare-and-education/early-childhood-education/information-private-early-childhood-education-providers/private-playground-activities-small-children;"Espoo's public playgrounds are intended for resident use, but they can also offer private playground activities for small children.
 
Private service providers choose the participants, and the activities are subject to a fee. The service providers are responsible for the quality, schedules and marketing of the activities. The Act on Early Childhood Education and Care does not apply to private playground activities for small children.
 
Before starting operations, the service provider must contact Espoo's Finnish Early Childhood Education Unit to discuss which playground it plans to use.

Private early childhood education specialist's contact information: vaka.yksityinen@espoo.fi
 
The Public Works Department is responsible for the general maintenance of playgrounds.


Espoo's public playgrounds are intended for resident use, but they can also offer private playground activities for small children.
 
Private service providers choose the participants, and the activities are subject to a fee. The service providers are responsible for the quality, schedules and marketing of the activities. The Act on Early Childhood Education and Care does not apply to private playground activities for small children.
 
Before starting operations, the service provider must contact Espoo's Finnish Early Childhood Education Unit to discuss which playground it plans to use. 

Private early childhood education specialist's contact information: vaka.yksityinen@espoo.fi
 
The Public Works Department is responsible for the general maintenance of playgrounds.";"Espoo's public playgrounds are intended for resident use, but they can also offer private playground activities for small children.
 
Private service providers choose the participants, and the activities are subject to a fee. The service providers are responsible for the quality, schedules and marketing of the activities. The Act on Early Childhood Education and Care does not apply to private playground activities for small children.
 
Before starting operations, the service provider must contact Espoo's Finnish Early Childhood Education Unit to discuss which playground it plans to use.

Private early childhood education specialist's contact information: vaka.yksityinen@espoo.fi
 
The Public Works Department is responsible for the general maintenance of playgrounds.
";N/A;13.10.2025;Private playground activities for small children are fee-based sessions run by private providers on Espoo's public playgrounds, where providers select participants and manage scheduling and marketing, with prior coordination with Espoo's Finnish Early Childhood Education Unit before starting.
Property register;https://www.espoo.fi/en/services/property-register;"The information of the property register includes basic information of properties according to the real estate information system (KTJ) such as area, formation data and registering date.

The information of the property register includes basic information of properties according to the national real estate information system (KTJ).

According to the law, information to be entered in the property register includes area, formation data, registering date, shares of common areas and easements and rights relating to the property. 

In the city plan area, the valid town plan and separate plot subdivision as well as the purpose of use according to the town plan are also entered in the property register.

The property register also includes a property register map showing valid property codes, property boundaries and boundary marks, etc. 

In addition, the property register includes information about parcels transferred from the property and building prohibitions in force.";The information of the property register includes basic information of properties according to the real estate information system (KTJ) such as area, formation data and registering date.;"City Surveying services: https://www.espoo.fi/en/unit/21972; Urban Environment Customer Service: https://www.espoo.fi/en/unit/63749";13.10.2025;The property register service maintains official, comprehensive records of properties, including area, formation and registration dates, shares of common areas and easements, town-plan data and land use, parcel maps with boundaries and boundary marks, and records of transfers and building prohibitions.
Providing private early childhood education;https://www.espoo.fi/en/childcare-and-education/early-childhood-education/providing-private-early-childhood-education;Private early childhood education is early childhood education provided by a private company or community and supervised by the city.;Private early childhood education is early childhood education provided by a private company or community and supervised by the city.;N/A;13.10.2025;This service delivers early childhood education through private providers or community organizations under city supervision.
Public purchase witnessing;https://www.espoo.fi/en/services/public-purchase-witnessing;"Public purchase witnessing confirms the transfer of a property in the presence of all signees of the transfer document. This can only been done by a public purchase witness 

Public purchase witnesses in the city of Espoo: 

Annamari Räty, tel. 050 5737264  
Ari Piirainen, tel. 040 6817896  
Susanna Vissisenaho, tel. 050 5737508  
Juho Toijanaho, tel. 040 6530232  
Tuure Karjalainen, tel. 040 5062788  

The electronic property transfer carried out in the online service of the National Land Survey of Finland does not require notarisation.";Public purchase witnessing confirms the transfer of a property in the presence of all signees of the transfer document.;City Surveying services: https://www.espoo.fi/en/unit/21972;13.10.2025;Public purchase witnessing certifies a property transfer in the presence of all signatories, performed by a public purchase witness (electronic transfers via the National Land Survey do not require notarisation).
Quality of domestic water;https://www.espoo.fi/en/housing-and-building/environmental-health-services/quality-domestic-water;"Monitoring of domestic water quality in Espoo, Kirkkonummi and Kauniainen.

Domestic water is water used in households for drinking and food preparation, as well as by food businesses for product manufacturing. Espoo Region Environmental Health Services monitors the quality of domestic water in Espoo, Kauniainen and Kirkkonummi. 

We regularly monitor the quality of domestic water by carrying out inspections and taking water samples. The purpose of the monitoring is to ensure that domestic water complies with regulations and does not pose a health hazard.";Monitoring of domestic water quality in Espoo, Kirkkonummi and Kauniainen.;Espoo Region Environmental Health Services: https://www.espoo.fi/en/unit/21934;13.10.2025;The service monitors and ensures the safety and regulatory compliance of domestic water in Espoo, Kauniainen, and Kirkkonummi by conducting regular inspections and water sampling.
Recreation huts;https://www.espoo.fi/en/services/recreation-huts;"The services of recreation huts vary from humble winter huts to versatile year-round recreation centres with saunas and equipment rental services.

There is one recreation centre in Espoo, located in Oittaa. The services of the Recreation Centre include toilets, showers, sauna, café, equipment rental and other recreational services. The centre also includes playing fields and a beach.";The services of recreation huts vary from humble winter huts to versatile year-round recreation centres with saunas and equipment rental services.;N/A;13.10.2025;Recreation huts offer year‑round recreational facilities in Espoo’s Oittaa, including saunas, equipment rental, and amenities such as toilets, showers, a café, playing fields, and a beach.
Recreational islands;https://www.espoo.fi/en/sports-and-nature/archipelago/recreational-islands;"Sports and Exercise Services is responsible for the recreational islands and organises services on these islands in cooperation with various other operators. 

These areas are available to everyone either freely or by renting through a service provider. Scheduled archipelago boats take visitors to the city's islands and sea areas. Islands can also be accessed by private charter boats.
";Sports and Exercise Services is responsible for the recreational islands and organises services on these islands in cooperation with various other operators.;"Espoo's Korkeasaari / Recreational island: https://www.espoo.fi/en/unit/64724; Gåsgrund / Recreational island: https://www.espoo.fi/en/unit/64721; Iso Vasikkasaari / Recreational island: https://www.espoo.fi/en/unit/64719; Käärmesaari / Recreational island: https://www.espoo.fi/en/unit/50773; Kaparen / Recreational island: https://www.espoo.fi/en/unit/64722; Knapperskär / Recreational island: https://www.espoo.fi/en/unit/64723; Pentala / Recreational island: https://www.espoo.fi/en/unit/64725; Rövaren / Recreational island: https://www.espoo.fi/en/unit/64727; Rövargrundet / Recreational island: https://www.espoo.fi/en/unit/64726; Stora Herrö / Recreational island: https://www.espoo.fi/en/unit/64728; Torra Lövö / Recreational island: https://www.espoo.fi/en/unit/50774; Tvijälp / Recreational island: https://www.espoo.fi/en/unit/50783; Scheduled archipelago boats: https://www.espoo.fi/en/sports-and-nature/archipelago/scheduled-archipelago-boats";13.10.2025;Recreational islands are managed to provide organized access and on-site services to the city’s islands and surrounding waters, available for free use or through rentals, with transport by scheduled archipelago boats or private charters.
Registering yourself as a jobseeker;https://www.espoo.fi/en/services/registering-yourself-jobseeker;"By registering yourself as a jobseeker, you become a customer of the employment services and you can start job seeking.

You will receive job search counselling and guidance when you register as a jobseeker in the Employment services in Espoo. As a jobseeker, you can apply for unemployment benefit from Kela or your unemployment fund. The Employment services issues a statement on the matter to Kela or the unemployment fund.

The Employment services will advise and guide you in applying for work and selecting the right services. Your employment will be supported through an initial interview, an employment plan and job search discussions.

Once you have registered as a jobseeker, the Employment services will arrange an initial interview with you within five working days. In the interview, you and your personal coach will discuss what kind of jobs you could apply for or whether you need to acquire training or change fields. The Employment services will also draw up an employment plan with you.

During job search discussions, you will be in regular contact with the Employment services in your area. Between the discussions, you apply for work independently or participate in services promoting employment in accordance with the employment plan.";By registering yourself as a jobseeker, you become a customer of the employment services and you can start job seeking.;"Espoo Employment Services, office in Sello: https://www.espoo.fi/en/unit/76109; Espoo Employment Services, Piispanportti office: https://www.espoo.fi/en/unit/63889; E-service: https://tyomarkkinatori.fi/en/personal-customers/official-matters";13.10.2025;Registering as a jobseeker gives you access to Espoo's Employment Services for personalized job-seeking support, including counseling, an initial interview and employment plan, ongoing job-search discussions, and help with applying for unemployment benefits.
Registry Office;https://www.espoo.fi/en/services/registry-office;"The Registry Office records administrative matters and official letters and tells about phases and decisions of ongoing issues throughout the process.


The Registry Office records matters concerning decision-making and the documents that a municipal official responds to.

Recorded documents include, for example, initiatives to municipal authorities, complaints, appeals, requests for comments, comments, requests for a statement or report, decisions, petitions and letters of response.

The e-mail address of the Registry Office, kirjaamo@espoo.fi, is the official e-mail address of the city.""";"The Registry Office records administrative matters and official letters and tells about phases and decisions of ongoing issues throughout the process.
";City of Espoo, City Registry: https://www.espoo.fi/en/unit/22410;13.10.2025;The Registry Office is the city’s central records and correspondence office that registers administrative matters, decisions, and related documents, and manages inquiries, complaints, petitions, and responses.
Reimbursement of travel and accommodation costs;https://www.espoo.fi/en/services/reimbursement-travel-and-accommodation-costs;"You can get compensation for travel and accommodation costs when you are applying for a job or participating in a service that promotes employment.

You can apply for compensation for travel and accommodation costs if you are an unemployed jobseeker and
- you applying for a job
- you apply for labour market training, coaching or trial
- you participate in an expert evaluation organised by the Employment services.

You can apply for compensation for return trips made in Finland for a job interview if the work lasts at least two weeks and the average working hours are at least 18 hours. Compensation may also be granted for a job interview trip to another Member State of the European Union or to a country belonging to the European Economic Area.

To receive compensation, you must be an unemployed jobseeker. Costs may be reimbursed if:
 you participate in an admission event or aptitude test for labour market training
 you will familiarise yourself with the educational institution providing labour market training before the training begins so that you can check the accessibility and other suitability of the institution for your studies due to a disability or illness
 you visit the employment authority so that your visit is considered necessary and you need transport services due to a disability or illness
 you participate in an expert evaluation organised by the employment authority.

The basis for reimbursement of travel expenses is the distance in kilometres multiplied by €0.21. The part of the travel expenses exceeding €12 shall be reimbursed up to a maximum of €200.

Compensation is granted for accommodation expenses based on the costs incurred, up to a maximum of €80 per day.";You can get compensation for travel and accommodation costs when you are applying for a job or participating in a service that promotes employment.;"Espoo Employment Services, office in Sello: https://www.espoo.fi/en/unit/76109; Espoo Employment Services, Piispanportti office: https://www.espoo.fi/en/unit/63889";13.10.2025;Provides travel and accommodation reimbursements for unemployed jobseekers who are applying for jobs, attending labour market training or coaching, or participating in expert evaluations, with travel paid at €0.21 per kilometre up to €200 after a €12 deduction and accommodation up to €80 per day, including eligible return trips for qualifying job interviews in Finland or in EU/EEA countries.
Renovation advice;https://www.espoo.fi/en/services/renovation-advice;"The City Museum provides advice in questions relating to the renovation of old buildings and architectural history. The museum also provides contact information for professionals specialising in renovation building and architects specialising in renovation planning.

Contact information:

kaupunginmuseo(at)espoo.fi";The City Museum provides advice in questions relating to the renovation of old buildings and architectural history.;KAMU Espoo City Museum: https://www.espoo.fi/en/unit/20405;13.10.2025;The City Museum offers guidance on renovating historic buildings and connects you with renovation specialists and planning architects.
Renovation of external surfaces of buildings and other structures, notification;https://www.espoo.fi/en/services/renovation-external-surfaces-buildings-and-other-structures-notification;"Renovation of external surfaces of buildings and other external structures requires notification to the Environment and Building Control Department.

A person renovating the external surfaces of buildings and other external structures (such as bridges or handrails) must notify the Environment and Building Control Department in writing about the renovation at least 14 days before starting the work.

The work must always be announced in advance to residents, care and educational institutions and other parties within the scope of the work that the work may cause harm or disturbance to. 

The operator must also negotiate sufficient noise and dust abatement with the sensitive parties, which the operation may unreasonably harm or disturb (for example, day-care centres and schools).";Renovation of external surfaces of buildings and other external structures requires notification to the Environment and Building Control Department.;"Environmental protection services: https://www.espoo.fi/en/unit/66794; Environmental supervision: https://www.espoo.fi/fi/asuminen-ja-rakentaminen/ymparistonsuojelu/ymparistovalvonta";13.10.2025;Notification and stakeholder engagement for exterior renovations: submit written notice to the Environment and Building Control Department at least 14 days before work and inform and negotiate with affected residents, care and educational institutions to control noise and dust.
Rental flats owned by the city;https://www.espoo.fi/en/services/rental-flats-owned-city;"Espoon Asunnot is the largest provider of rental housing in Espoo. It builds, rents, and maintains good and affordable rental housing for Espoo residents.

Our customer service helps our residents with questions during their tenancy. These include questions about tenancy agreements, rent payments, billing, and parking spaces. 

You can best find answers to questions about applying for an apartment on the Espoon Asunnot website and the accompanying online chat. 
";Espoon Asunnot is the largest provider of rental housing in Espoo. It builds, rents, and maintains good and affordable rental housing for Espoo residents.;"Espoon asunnot : https://www.espoonasunnot.fi/en; Rental housing in Espoo: https://www.espoo.fi/en/housing-and-building/housing/rental-housing-espoo";13.10.2025;Espoon Asunnot provides and maintains affordable, city-owned rental housing in Espoo and offers tenant support and application information through its website and online chat.
Repair grants;https://www.espoo.fi/en/services/repair-grants;"Repair grants for repairing flats of elderly and disabled people to support living at home.

The Housing Finance and Development Centre of Finland (ARA) awards repair grants from the state's funds for repairing flats of elderly and disabled people to support living at home. A grant can be received by a person who owns a residential building, a flat or shares in a housing company that provide entitlement to possession. If the owner of the building or flat is not responsible for its maintenance, the grant can be awarded to the person responsible for the maintenance. A grant is not awarded for costs that are to be paid by the housing company. A grant is only awarded for an operation for which the applicant has no right to receive other public support.";Repair grants for repairing flats of elderly and disabled people to support living at home.;Housing Services: https://www.espoo.fi/en/unit/21974;13.10.2025;ARA provides state-funded repair grants to eligible owners or those responsible for maintenance to repair flats of elderly and disabled residents, enabling them to continue living at home.
Report street lighting faults;https://www.espoo.fi/en/services/report-street-lighting-faults;"The City of Espoo is responsible for lighting streets and other public places. You can report street lighting faults (burnt-out bulbs or lighting columns that have been damaged in collisions etc.) via Espoo Feedback Service.

Street lighting and well-lit public areas create a safer and more pleasant environment. The City of Espoo is responsible for lighting streets and other public places. 

The Finnish Transport Agency is responsible for lighting Ring I-III, Kauklahdenväylä, Turuntie/Nupurintie, and Vihdintie.

The street lighting systems are serviced regularly, three times a year. Maintenance is carried out region by region. For cost reasons, individual bulbs are not replaced outside this schedule. Urgent faults are repaired as soon as possible.

You can report street lighting faults (burnt-out bulbs or lighting columns damaged in collisions) via Feedback Service.

Report life-threatening problems to emergency number 112.";The City of Espoo is responsible for lighting streets and other public places. You can report street lighting faults (burnt-out bulbs or lighting columns that have been damaged in collisions etc.) via Espoo Feedback Service.;" Give feedback and ask questions about street lighting: https://easiointi.espoo.fi/eFeedback/en; Report street lighting faults: https://easiointi.espoo.fi/eFeedback/en/Feedback/31-Vikailmoitukset; More about street lighting: https://www.espoo.fi/en/street-lighting; Urban Environment Customer Service: https://www.espoo.fi/en/units/63749";13.10.2025;Allows residents to report street lighting faults (burnt-out bulbs or damaged columns) to the City of Espoo via the Feedback Service for regular maintenance and urgent repairs, with 112 for life-threatening problems.
Residents' parks;https://www.espoo.fi/en/childcare-and-education/early-childhood-education/residents-parks;Residents' parks are free-of-charge meeting places where children and families can spend time, get to know each other and enjoy a variety of activities.;Residents' parks are free-of-charge meeting places where children and families can spend time, get to know each other and enjoy a variety of activities.;"Hiirisuo residents' park: https://www.espoo.fi/en/unit/64122; Järvenperä residents' park: https://www.espoo.fi/en/unit/64123; Karakallio residents' park: https://www.espoo.fi/en/unit/20324; Kivenlahti residents' park: https://www.espoo.fi/en/unit/20348; Kylätalo Palttina residents' park: https://www.espoo.fi/en/unit/20378; Latokaski residents' park: https://www.espoo.fi/en/unit/20351; Leppävaara residents' park: https://www.espoo.fi/en/unit/20325; Mankkaa residents' park: https://www.espoo.fi/en/unit/20236; Matinkylä residents' park: https://www.espoo.fi/en/unit/20267; Olari residents' park: https://www.espoo.fi/en/unit/20268; Perkkaa residents' park: https://www.espoo.fi/en/unit/20326; Pisa residents' park: https://www.espoo.fi/en/unit/20352; Soukka residents' park: https://www.espoo.fi/en/unit/20355; Suvela residents' park: https://www.espoo.fi/en/unit/20379; Tapiola residents' park: https://www.espoo.fi/en/unit/20235; Viherkallio residents' park: https://www.espoo.fi/en/unit/20327";13.10.2025;Residents' parks are free, community gathering spaces where children and families can meet, socialize, and enjoy a variety of activities.
Right-of-occupancy housing;https://www.espoo.fi/en/services/right-occupancy-housing;"Right-of-occupancy housing is an intermediate form of housing between rental and owner-occupied housing.

Right-of-occupancy housing is State-subsidized housing. Occupants pay a right-of-occupancy fee and a regular fee comparable to rent. Applicants for right-of-occupancy housing must first apply for right-of-occupancy queuing numbers.";Right-of-occupancy housing is an intermediate form of housing between rental and owner-occupied housing.;"Housing Services: https://www.espoo.fi/en/unit/21974; Right-of-occupancy apartments: https://www.espoo.fi/en/housing-and-building/asuminen/right-occupancy-apartments";13.10.2025;Right-of-occupancy housing is a state-subsidized intermediate housing option between rental and owner-occupied homes, where occupants pay a right-of-occupancy fee plus a rent-like fee and must first obtain a right-of-occupancy queuing number to apply.
Scheduled archipelago boats;https://www.espoo.fi/en/sports-and-nature/archipelago/scheduled-archipelago-boats;"Scheduled archipelago boat service to and from Espoo's islands operates during the summer season. There is scheduled archipelago traffic to five different outdoor recreation islands: Iso Vasikkasaari, Pentala, Gåsgrund, Rövaren and Stora Herrö.

The long archipelago routes start from Kivenlahti and Otaniemi. The short routes to Iso Vasikkasaari can be reached from Suomenoja, Haukilahti and Nokkala. The routes to Pentala Archipelago Museum start from Suomenoja, Suinonsalmi and Soukka. The archipelago route for cyclists goes around the Suvisaaristo islands but doesn't stop at any island.";Scheduled archipelago boat service to and from Espoo's islands operates during the summer season.;N/A;13.10.2025;A summer-only scheduled boat service connecting Espoo’s archipelago islands—Iso Vasikkasaari, Pentala, Gåsgrund, Rövaren and Stora Herrö—from multiple starting points, with dedicated routes to Iso Vasikkasaari and Pentala Archipelago Museum and a cycling route around Suvisaaristo.
School transportation;https://www.espoo.fi/en/childcare-and-education/basic-education/studying-comprehensive-school/school-transportation;"Pupils may be granted a free public transportation travel card if they live a long way from school. Pupils with a shorter school commute may also be granted a travel card or transportation by taxi if the route to school is too difficult, tiring or dangerous in view of their age and other circumstances.

If a pupil in basic education lives more than three or five kilometres away from his or her school, he or she is entitled to school transportation benefit. Free transportation may also be granted if the commute is too difficult, tiring or dangerous in view of the pupil's circumstances, such as medical reasons.";Pupils may be granted a free public transportation travel card if they live a long way from school. Pupils with a shorter school commute may also be granted a travel card or transportation by taxi if the route to school is too difficult, tiring or dangerous in view of their age and other circumstances.;N/A;13.10.2025;Provides free or subsidized school transportation for students who live far away or have a difficult, tiring, or dangerous commute, including travel cards or taxi options.
Seasonal excursions for pre-primary and primary-aged children at Villa Elfvik;https://www.espoo.fi/en/services/seasonal-excursions-pre-primary-and-primary-aged-children-villa-elfvik;A nature house guide leads groups of children on nature excursions near Villa Elfvik on weekdays during May and September. The active excursions are designed for children from 5 to 10 years of age. There are different excursions lasting approximately 1½ hours. Reservations for the May excursions are accepted in March and for the September excursions, in August.;A nature house guide leads groups of children on nature excursions near Villa Elfvik on weekdays during May and September.;Nature House Villa Elfvik: https://www.espoo.fi/en/unit/27540;13.10.2025;A nature house guide leads weekday nature excursions for pre-primary and primary-aged children (ages 5–10) near Villa Elfvik in May and September, each about 1.5 hours, with reservations accepted in March for May and in August for September.
Self-motivated study subsidised with an unemployment benefit;https://www.espoo.fi/en/services/self-motivated-study-subsidised-unemployment-benefit;"During independent studies, you may receive unemployment benefits under certain conditions.

In some cases, you may be able to study independently while receiving the unemployment benefit. Independent studies include studies where an educational institution is responsible for the provision and student selection instead of the Employment services. During independent studies, you are obliged to apply for and accept work, and participate in services promoting employment. 

You can receive unemployment benefits for short-term, part-time or full-time studies.

Short-term studies are studies that last for a maximum of six months. Short-term study with unemployment benefit is possible if you have not previously studied for a short period of time during the same unemployment.

Part-time studies are studies that are of minor scope or duration. Part-time studies may include, for instance, learning a new skill, completing basic studies at an open educational institution, or completing degree studies which have been previously interrupted. Full-time studies may also be part-time in some cases.

Full-time studies usually aim at completing a degree or other studies the extent of which is on average the minimum of 5 credits or 4.5 ECVET points per study month, or 25 hours a week. Full-time study with an unemployment benefit is possible if the Employment services estimates that you need education and that the studies significantly improve your chances of finding employment. The studies must have been agreed upon in the employment plan usually before starting the studies.";During independent studies, you may receive unemployment benefits under certain conditions.;"Espoo Employment Services, office in Sello: https://www.espoo.fi/en/unit/76109; Espoo Employment Services, Piispanportti office: https://www.espoo.fi/en/unit/63889";13.10.2025;An unemployment-benefit program that subsidizes self-directed independent studies—short-term, part-time, or full-time—for jobseekers who must actively seek work, participate in employment-promoting services, and follow an approved employment plan.
Service Centres;https://www.espoo.fi/en/city-and-decision-making/service-centres;"The City of Espoo Service Centres house several public services in one place.

The City of Espoo Service Centres offer a range of high-quality services conveniently in one place. The aim is to make it easier for residents to use everyday services. In addition to services provided by the city, services by other authorities are also available at the Service Centres. 

There are currently two Service Centres in Espoo: The Iso Omena Service Centre and the Kalajärvi Service Centre. One of the goals for the City of Espoo is to bring public services together in new Service Centres located in Espoo's transport hubs.";The City of Espoo Service Centres house several public services in one place.;"Iso Omena Service Centre: https://www.espoo.fi/en/unit/50581; Kalajärvi Service Centre: https://www.espoo.fi/en/unit/61461";13.10.2025;Espoo's Service Centres offer a convenient, one-stop hub where residents can access city services as well as services from other authorities in one place.
Shift care;https://www.espoo.fi/en/childcare-and-education/early-childhood-education/shift-care;If you work in shifts or your child needs, due to your studies, early childhood education and care in the evenings, at night or at weekends, you can apply for a place in a shift day-care centre.;If you work in shifts or your child needs, due to your studies, early childhood education and care in the evenings, at night or at weekends, you can apply for a place in a shift day-care centre.;"Alberga daghem och förskola: https://www.espoo.fi/en/unit/66817; Kepelin päiväkoti: https://www.espoo.fi/en/unit/44180; Kuutamon päiväkoti: https://www.espoo.fi/en/unit/15689; Monikon päiväkoti: https://www.espoo.fi/en/unit/63942; Suomenojan päiväkoti: https://www.espoo.fi/en/unit/15492; Suviniityn päiväkoti: https://www.espoo.fi/en/unit/63952";13.10.2025;Shift care offers evening, night, and weekend childcare for families with shift workers or students, by providing places in a shift daycare centre.
Skateboarding rinks;https://www.espoo.fi/en/sports-and-nature/outdoor-exercise-facilities/skateboarding-rinks;"In Espoo, there are city-maintained skateboarding rinks. The Tuulimäki civil defence shelter in Tapiola includes a skateboarding hall maintained by a club.

There are several skateboarding rinks in Espoo, for example in Leppävaara and Central Espoo Sports Parks and in Uuskartanonpuisto. 

The skateboarding rinks maintained by the city provide their users with safe activity areas equipped for their purpose.";In Espoo, there are city-maintained skateboarding rinks. The Tuulimäki civil defence shelter in Tapiola includes a skateboarding hall maintained by a club.;"Espoon Kirkkojärvi skateboarding area: https://www.espoo.fi/en/unit/46158; Espoonlahti Sports Park / Skateboarding area: https://www.espoo.fi/en/unit/39433; Karamzininpuisto / Skateboarding area: https://www.espoo.fi/en/unit/64702; Leppävaara skateboarding area: https://www.espoo.fi/en/unit/39738; Matinkylä Sports Park / Skateboarding area: https://www.espoo.fi/en/unit/39892; Metsämaa skateboarding area (Kalajärvi): https://www.espoo.fi/en/unit/50205; Niittykumpu skateboarding area: https://www.espoo.fi/en/unit/57381; Painiitty / Skateboarding area: https://www.espoo.fi/en/unit/50220; Pisanpuisto / Skateboarding area (Latokaski): https://www.espoo.fi/en/unit/46237; Suurpelto skateboarding area (Uuskartanonpuisto): https://www.espoo.fi/en/unit/46397";13.10.2025;City-maintained skateboarding rinks in Espoo provide safe, well-equipped spaces for skateboarders to practice and enjoy the sport.
Snow dumping;https://www.espoo.fi/en/services/snow-dumping;"The City of Espoo has one snow dump in Vanttila, Vanttilantie 9, for entrepreneurs only.

The City of Espoo has one snow dump, for entrepreneurs only. The address is Vanttilantie 9, Vanttila. The snow dump is open daily from 7:00 to 22:00. 

You are not allowed to dump snow in any other area owned by the city.
Snow dumping is permitted at the site by the terms of use and instructions of the site manager. 

You are not allowed to bring construction or any other waste to the dump, just snow. 

If the gate to the site is closed, snow dumping is not allowed on or near it.";The City of Espoo has one snow dump in Vanttila, Vanttilantie 9, for entrepreneurs only.;Snow dumping, electronic system (only in Finnish) : https://vastaanottopisteet.espoo.fi/;13.10.2025;The City of Espoo operates a snow dump for entrepreneurs at Vanttilantie 9 (Vanttila), open daily 07:00–22:00 for dumping snow only and subject to the site manager's rules.
Sports and exercise unit;https://www.espoo.fi/en/sports-and-nature/sports-and-exercise-unit;"The Sports and Exercise Unit is responsible for the city's sports and exercise activities. We create the conditions for different types of exercise and support residents' activities. Our unit contains four sub-units: sports facilities, outdoor recreation services, sports services, and development.

We promote outdoor and recreational activities as well as competitive and top-level sports, develop health-enhancing physical activity, maintain sports facilities and organise guided exercise classes for people of all ages. We support sports clubs and work closely together with them. As a pioneer in the digital sports and exercise culture, we create new ways for people of all ages to be physically active. 

Our unit is responsible for over 500 sports facilities and sea-related activities such as boating and fishing. We also manage sports facility reservations. 

We organise our own sports events as well as collaborative events together with the other city units and our partners.";The Sports and Exercise Unit is responsible for the city's sports and exercise activities. We create the conditions for different types of exercise and support residents' activities.;"Aarnivalkean koulu / Basketball court: https://www.espoo.fi/en/unit/39504; Aarnivalkean koulu / Neighbourhood sports area: https://www.espoo.fi/en/unit/50344; Äijänpelto disc golf course: https://www.espoo.fi/en/unit/60115; Ala-Soukka ice-skating field: https://www.espoo.fi/en/unit/50532; Ala-Soukka workout stairs: https://www.espoo.fi/en/unit/63031; Alberganesplanadi / Table tennis: https://www.espoo.fi/en/unit/57235; Angry Birds playground at Oittaa recreational area: https://www.espoo.fi/en/unit/46222; Auroran koulu /: https://www.espoo.fi/en/unit/39287; Auroran koulu / Basketball court: https://www.espoo.fi/en/unit/50482; Auroran koulu / ice-skating field: https://www.espoo.fi/en/unit/50488; Auroran koulu / Neighbourhood sports area: https://www.espoo.fi/en/unit/50479; Bergö birdwatching tower: https://www.espoo.fi/en/unit/77690; Brobacka - Oittaa outdoor recreation route: https://www.espoo.fi/en/unit/54077; Eestinkallio ice-skating field: https://www.espoo.fi/en/unit/50508; Eestinkallion koulu / Basketball court: https://www.espoo.fi/en/unit/50355; Eestinkallion koulu / Neighbourhood sports area: https://www.espoo.fi/en/unit/50178; Elfvik's bird watching tower: https://www.espoo.fi/en/unit/39795; Entresse Basketball court: https://www.espoo.fi/en/unit/46306; Espoo's Korkeasaari / Recreational island: https://www.espoo.fi/en/unit/64724; Espoon Keskuspuisto / Fitness trail: https://www.espoo.fi/en/unit/53560; Espoon Kirkkojärvi skateboarding area: https://www.espoo.fi/en/unit/46158; Espoon Koulumäki / Athletics training area: https://www.espoo.fi/en/unit/50326; Espoon Koulumäki / ice-skating field: https://www.espoo.fi/en/unit/39562; Espoon Koulumäki / Neighbourhood sports area: https://www.espoo.fi/en/unit/50322; Espoonlahden koulu ja lukio / Basketball court: https://www.espoo.fi/en/unit/50318; Espoonlahden urheiluhalli / Neighbourhood sports area: https://www.espoo.fi/en/unit/57367; Espoonlahden urheilupuisto / Neighbourhood sports area: https://www.espoo.fi/en/unit/50352; Espoonlahti fitness trail: https://www.espoo.fi/en/unit/50814; Espoonlahti ice stadium Forum: https://www.espoo.fi/en/unit/39853; Espoonlahti sports hall: https://www.espoo.fi/en/unit/39397; Espoonlahti sports hall / Weight training gym: https://www.espoo.fi/en/unit/53591; Espoonlahti Sports hall's Gym: https://www.espoo.fi/en/unit/39327; Espoonlahti Sports Park: https://www.espoo.fi/en/unit/50555; Espoonlahti Sports park / Artificial ice field: https://www.espoo.fi/en/unit/50568; Espoonlahti sports park / Baseball field: https://www.espoo.fi/en/unit/39760; Espoonlahti sports park / Beach volleyball court: https://www.espoo.fi/en/unit/39374; Espoonlahti sports park / Disc golf course (3): https://www.espoo.fi/en/unit/54025; Espoonlahti Sports Park / Outdoor gym: https://www.espoo.fi/en/unit/68552; Espoonlahti sports park / Pumptrack: https://www.espoo.fi/en/unit/46188; Espoonlahti Sports Park / Skateboarding area: https://www.espoo.fi/en/unit/39433; Espoonlahti Sports Park / Tennis courts (outdoors): https://www.espoo.fi/en/unit/72665; Espoonlahti sports park's basketball court: https://www.espoo.fi/en/unit/39616; Espoonlahti swimming pool: https://www.espoo.fi/en/unit/39735; Espoonlahti Swimming Pool / Gym (upper floor): https://www.espoo.fi/en/unit/39485; Espoonlahti winter swimming spot (Klobben): https://www.espoo.fi/en/unit/44521; Finnoo birdwatching tower (eastern): https://www.espoo.fi/en/unit/53586; Finnoo birdwatching tower (southern): https://www.espoo.fi/en/unit/53584; Finnoo nature trail: https://www.espoo.fi/en/unit/53831; Friisilän koulu / ice-skating field: https://www.espoo.fi/en/unit/50522; Friisilän koulu / Neighbourhood sports area: https://www.espoo.fi/en/unit/50345; Gåsgrund / Cooking shelter: https://www.espoo.fi/en/unit/50552; Gåsgrund / Cooking shelter: https://www.espoo.fi/en/unit/53708; Gåsgrund / Cooking shelter: https://www.espoo.fi/en/unit/50542; Gåsgrund / Recreational island: https://www.espoo.fi/en/unit/64721; Haarssi / Neighbourhood sports area: https://www.espoo.fi/en/unit/54381; Hanikka beach (Suinonsalmi): https://www.espoo.fi/en/unit/39583; Hanikka birdwatching tower: https://www.espoo.fi/en/unit/53583; Hanikka fitness trail: https://www.espoo.fi/en/unit/53539; Hanikka nature trail: https://www.espoo.fi/en/unit/53830; Hanikka winter swimming spot: https://www.espoo.fi/en/unit/73337; Hanikka winter swimming spot (Suinonsalmi): https://www.espoo.fi/en/unit/76883; Hansakallion koulu / Neighbourhood sports area: https://www.espoo.fi/en/unit/50485; Hansapuisto / ice-skating field: https://www.espoo.fi/en/unit/50500; Haukilahden koulu / Neighbourhood sports area: https://www.espoo.fi/en/unit/68763; Haukilahti beach (Mellsten): https://www.espoo.fi/en/unit/39568; Haukilahti beach / Beach volleyball court: https://www.espoo.fi/en/unit/39890; Haukilahti fitness trail: https://www.espoo.fi/en/unit/54071; Haukilahti ice-skating field: https://www.espoo.fi/en/unit/39734; Haukilahti winter swimming spot: https://www.espoo.fi/en/unit/44522; Haukilahti youth centre / Dance studio: https://www.espoo.fi/en/unit/57294; Henttaa ice-skating field: https://www.espoo.fi/en/unit/39498; Hiirisuon asukaspuisto / Neighbourhood sports area: https://www.espoo.fi/en/unit/46132; Hösmäri ice-skating field: https://www.espoo.fi/en/unit/39857; Hösmärinniitty / Neighbourhood sports area: https://www.espoo.fi/en/unit/53971; Hösmärinpuiston koulu / Neighbourhood sports area: https://www.espoo.fi/en/unit/53820; Iivisniemen koulu / Ice-skating field: https://www.espoo.fi/en/unit/39780; Ilmatar Areena ice stadium: https://www.espoo.fi/en/unit/67737; Iso Vasikkasaari / Beach volleyball court: https://www.espoo.fi/en/unit/53475; Iso Vasikkasaari / Cooking shelter: https://www.espoo.fi/en/unit/50554; Iso Vasikkasaari / Disc golf course: https://www.espoo.fi/en/unit/51447; Iso Vasikkasaari / Recreational island: https://www.espoo.fi/en/unit/64719; Iso Vasikkasaari / Table tennis: https://www.espoo.fi/en/unit/57239; Iso Vasikkasaari beach: https://www.espoo.fi/en/unit/50549; Iso Vasikkasaari beach (South): https://www.espoo.fi/en/unit/53476; Iso Vasikkasaari nature tower: https://www.espoo.fi/en/unit/50566; Iso Vasikkasaari, Fixed orienteering points: https://www.espoo.fi/en/unit/64642; Itäranta ice-skating field: https://www.espoo.fi/en/unit/50512; Jalavapuiston koulu / Ice-skating field: https://www.espoo.fi/en/unit/39383; Jalavapuiston koulu / Neighbourhood sports area: https://www.espoo.fi/en/unit/64994; Jalavapuiston koulu / Swimming pool: https://www.espoo.fi/en/unit/54356; Järvenperä athletics training area: https://www.espoo.fi/en/unit/50398; Järvenperä ice-skating field: https://www.espoo.fi/en/unit/39808; Järvenperän koulu / ice-skating field: https://www.espoo.fi/en/unit/39607; Jousenkaaren koulu / Neighbourhood sports area: https://www.espoo.fi/en/unit/68765; Jupperin koulu / ice-skating field: https://www.espoo.fi/en/unit/39311; Juvanpuisto outdoor gym: https://www.espoo.fi/en/unit/75313; Juvanpuisto School / Artificial ice rink: https://www.espoo.fi/en/unit/39370; Juvanpuiston koulu (school) / Disc golf course (3): https://www.espoo.fi/en/unit/50343; Juvanpuiston koulu / Athletics training area: https://www.espoo.fi/en/unit/57379; Juvanpuiston koulu / Volleyball court: https://www.espoo.fi/en/unit/50348; Käärmesaari / Recreational island: https://www.espoo.fi/en/unit/50773; Kaitaan koulu (school) / Beach volleyball court: https://www.espoo.fi/en/unit/50392; Kalajärvi fitness trail: https://www.espoo.fi/en/unit/54086; Kalajärvi gym: https://www.espoo.fi/en/unit/39294; Kalajärvi workout stairs: https://www.espoo.fi/en/unit/76234; Kallvik beach: https://www.espoo.fi/en/unit/39881; Kallvik winter swimming spot: https://www.espoo.fi/en/unit/44510; Kannusillanmäki Sports Hall: https://www.espoo.fi/en/unit/57352; Kannusillanmäki Sports hall / Athletics training area: https://www.espoo.fi/en/unit/39376; Kannusillanmäki Sports Hall / Gym 1: https://www.espoo.fi/en/unit/39524; Kannusillanmäki Sports Hall / Gym 2: https://www.espoo.fi/en/unit/53613; Kantokasken koulu / ice-skating field: https://www.espoo.fi/en/unit/39353; Kantokasken koulu / Neighbourhood sports area: https://www.espoo.fi/en/unit/50390; Kantokasken koulu / Swimming pool: https://www.espoo.fi/en/unit/54358; Kaparen / Recreational island: https://www.espoo.fi/en/unit/64722; Karakallio - Leppävaara outdoor recreation route: https://www.espoo.fi/en/unit/54082; Karakallio field: https://www.espoo.fi/en/unit/55919; Karakallio fitness trail: https://www.espoo.fi/en/unit/54079; Karakallion koulu / Neighbourhood sports area: https://www.espoo.fi/en/unit/50328; Karamzin park outdoor gym: https://www.espoo.fi/en/unit/66834; Karamzininpuisto / Outdoor table tennis: https://www.espoo.fi/en/unit/64701; Karamzininpuisto / Parkour area: https://www.espoo.fi/en/unit/64700; Karamzininpuisto / Skateboarding area: https://www.espoo.fi/en/unit/64702; Karhusaari beach: https://www.espoo.fi/en/unit/39667; Karhusuo - Nupuri outdoor recreation route (GPS): https://www.espoo.fi/en/unit/54088; Karhusuon koulu / ice-skating field: https://www.espoo.fi/en/unit/39706; Kattilajärvi beach: https://www.espoo.fi/en/unit/39368; Kattilajärvi outdoor recreation area / Camping: https://www.espoo.fi/en/unit/53488; Kattilajärvi outdoor recreation area / Cooking shelter: https://www.espoo.fi/en/unit/53487; Kattilajärvi Recreation Area: https://www.espoo.fi/en/unit/53485; Kauklahden koulu / Neighbourhood sports area: https://www.espoo.fi/en/unit/53791; Kauklahden urheilukenttä / Athletics field: https://www.espoo.fi/en/unit/39790; Kauklahti - Gumböle outdoor recreation route (GPS): https://www.espoo.fi/en/unit/54089; Kauklahti fitness trail: https://www.espoo.fi/en/unit/54083; Kauklahti sports field / Neighbourhood sports area: https://www.espoo.fi/en/unit/57373; Kauklahti workout stairs: https://www.espoo.fi/en/unit/78554; Kavallinmäki / Volleyball court: https://www.espoo.fi/en/unit/57300; Keski-Espoo Sports Park: https://www.espoo.fi/en/unit/59452; Keski-Espoo Sports Park: https://www.espoo.fi/en/unit/50570; Keski-Espoo Sports Park / Artificial ice rink: https://www.espoo.fi/en/unit/53523; Keski-Espoo Sports Park / Artificial ice rink: https://www.espoo.fi/en/unit/53524; Keski-Espoo Sports Park / Athletics training area: https://www.espoo.fi/en/unit/53819; Keski-Espoo sports park / Beach volleyball court: https://www.espoo.fi/en/unit/53794; Keski-Espoo sports park / Neighbourhood sports area: https://www.espoo.fi/en/unit/53790; Keski-Espoo swimming pool: https://www.espoo.fi/en/unit/39363; Keski-Espoo Swimming pool / Gym: https://www.espoo.fi/en/unit/39828; Keskuspuisto - Latokaski outdoor recreation route: https://www.espoo.fi/en/unit/54069; Keskuspuisto, Fixed orienteering points: https://www.espoo.fi/en/unit/64640; Kilo ice-skating field: https://www.espoo.fi/en/unit/39298; Kilon koulu / ice-skating field: https://www.espoo.fi/en/unit/39512; Kilonpuiston koulu / ice-skating field: https://www.espoo.fi/en/unit/39574; Kilonpuiston koulu / Neighbourhood sports area: https://www.espoo.fi/en/unit/64628; Kilonpuiston koulu / Outdoor climbing wall: https://www.espoo.fi/en/unit/53997; Kippari ice-skating field: https://www.espoo.fi/en/unit/39282; Kirkkojärvenranta / Neighbourhood sports area: https://www.espoo.fi/en/unit/46329; Kirstin koulu / Neighbourhood sports area: https://www.espoo.fi/en/unit/68757; Kirstinkenttä / Neighbourhood sports area: https://www.espoo.fi/en/unit/46168; Kivenlahden asukaspuisto / Neighbourhood sports area: https://www.espoo.fi/en/unit/54391; Kivenlahti - Latokaski outdoor recreation route: https://www.espoo.fi/en/unit/54317; Kivenlahti beach: https://www.espoo.fi/en/unit/39815; Kivenlahti beach / Beach volleyball court: https://www.espoo.fi/en/unit/39444; Kivenlahti winter swimming spot: https://www.espoo.fi/en/unit/44545; Klobben beach (Soukka): https://www.espoo.fi/en/unit/39693; Knapperskär / Recreational island: https://www.espoo.fi/en/unit/64723; Korkeasaari (Espoo) / Cooking shelter: https://www.espoo.fi/en/unit/53474; Kotimäki ice-skating field: https://www.espoo.fi/en/unit/39450; Koulumestarin koulu / ice-skating field: https://www.espoo.fi/en/unit/50517; Kuitinmäen koulu / ice-skating field: https://www.espoo.fi/en/unit/39604; Kuitinmäen koulu / ice-skating field: https://www.espoo.fi/en/unit/39710; Kuitinmäen koulu / Neighbourhood sports area: https://www.espoo.fi/en/unit/54386; Kuitinmäen koulu / Neighbourhood sports area: https://www.espoo.fi/en/unit/64986; Kungsgårdsskolan / Neighbourhood sports area: https://www.espoo.fi/en/unit/68767; Laajalahden koulu / ice-skating field: https://www.espoo.fi/en/unit/39758; Laajalahti winter swimming spot: https://www.espoo.fi/en/unit/39627; Laaksolahti beach: https://www.espoo.fi/en/unit/39267; Laaksolahti beach / Beach volleyball court: https://www.espoo.fi/en/unit/39301; Laaksolahti fitness trail: https://www.espoo.fi/en/unit/54074; Laaksolahti football hall: https://www.espoo.fi/en/unit/39621; Laaksolahti Sports Park: https://www.espoo.fi/en/unit/50558; Laaksolahti Sports Park / Artificial ice rink, inline hockey rink: https://www.espoo.fi/en/unit/63147; Laaksolahti sports park / Athletics field: https://www.espoo.fi/en/unit/39690; Laaksolahti Sports park / Gym: https://www.espoo.fi/en/unit/39496; Laaksolahti sports park / Neighbourhood sports area: https://www.espoo.fi/en/unit/39477; Laaksolahti workout stairs: https://www.espoo.fi/en/unit/76014; Lagstads skola / Neighbourhood sports area: https://www.espoo.fi/en/unit/50483; Lähderannan koulu / Ice-skating field: https://www.espoo.fi/en/unit/39854; Lahnuksen koulu / ice-skating field: https://www.espoo.fi/en/unit/39373; Lahnuksen koulu / Neighbourhood sports area: https://www.espoo.fi/en/unit/50202; Lakela ice-skating field: https://www.espoo.fi/en/unit/39752; Lansapuro park basketball court: https://www.espoo.fi/en/unit/50341; Latokasken asukaspuisto / Neighbourhood sports area: https://www.espoo.fi/en/unit/54397; Latokasken koulu / Ice-skating field: https://www.espoo.fi/en/unit/39275; Latokaski - Espoon keskus outdoor recreation route: https://www.espoo.fi/en/unit/54314; Latokaski residents' park / Disc golf training area: https://www.espoo.fi/en/unit/57325; Laurinlahden koulu / Ice-skating field: https://www.espoo.fi/en/unit/39652; Laurinlahden koulu / Neighbourhood sports area: https://www.espoo.fi/en/unit/50459; Laurinlahti winter swimming spot (Tyrskyvuori): https://www.espoo.fi/en/unit/69116; Leimuniitty / Neighbourhood sports area: https://www.espoo.fi/en/unit/64684; Leppävaara fitness trail 2,0km: https://www.espoo.fi/en/unit/54315; Leppävaara fitness trail 2,7km (GPS): https://www.espoo.fi/en/unit/54325; Leppävaara fitness trail 5,5km (GPS): https://www.espoo.fi/en/unit/54332; Leppävaara indoor swimming pool / Dance studio: https://www.espoo.fi/en/unit/39899; Leppävaara lido / Beach volleyball court: https://www.espoo.fi/en/unit/54028; Leppävaara lido / Beach volleyball court 1: https://www.espoo.fi/en/unit/54031; Leppävaara outdoor swimming pool: https://www.espoo.fi/en/unit/48917; Leppävaara skateboarding area: https://www.espoo.fi/en/unit/39738; Leppävaara sports hall: https://www.espoo.fi/en/unit/39719; Leppävaara Sports hall / Gym: https://www.espoo.fi/en/unit/39390; Leppävaara Sports Park: https://www.espoo.fi/en/unit/50544; Leppävaara Sports Park / Athletics Stadium: https://www.espoo.fi/en/unit/39767; Leppävaara Sports park / Gym: https://www.espoo.fi/en/unit/39849; Leppävaara Sports park / Outdoor Gym Container: https://www.espoo.fi/en/unit/53751; Leppävaara Sports Park / Weight training gym: https://www.espoo.fi/en/unit/53534; Leppävaara Sports Park artificial turf field 2: https://www.espoo.fi/en/unit/45067; Leppävaara Sports Park grass field 1: https://www.espoo.fi/en/unit/53538; Leppävaara Sports Park tennis court 1: https://www.espoo.fi/en/unit/78370; Leppävaara Sports Park tennis court 2: https://www.espoo.fi/en/unit/78368; Leppävaara swimming pool: https://www.espoo.fi/en/unit/39817; Leppävaara Swimming pool / Gym: https://www.espoo.fi/en/unit/39340; Leppävaara, Fixed orienteering points: https://www.espoo.fi/en/unit/64639; Leppävaaran kuntorata / fitness trail (5,5km): https://www.espoo.fi/en/unit/54313; Lillhenmtinpuisto beach volleyball court: https://www.espoo.fi/en/unit/50350; Lintulaakson koulu / Ice-skating field: https://www.espoo.fi/en/unit/50518; Lintulaakson koulu / Neighbourhood sports area: https://www.espoo.fi/en/unit/50484; Lintumetsän koulu / Neighbourhood sports area: https://www.espoo.fi/en/unit/54051; Lintuvaaran koulu / Ice-skating field: https://www.espoo.fi/en/unit/50520; Lippajärvi beach: https://www.espoo.fi/en/unit/39823; Lystimäki ice-skating field: https://www.espoo.fi/en/unit/50510; Mainingin koulu (school) / Disc golf training area (3): https://www.espoo.fi/en/unit/57420; Mäkkylä ice-skating field: https://www.espoo.fi/en/unit/39819; Mari ice-skating field: https://www.espoo.fi/en/unit/39630; Martinkallion koulu / ice-skating field: https://www.espoo.fi/en/unit/39385; Martinsilta ice-skating field: https://www.espoo.fi/en/unit/39265; Matinkylä beach: https://www.espoo.fi/en/unit/39527; Matinkylä beach / Beach volleyball court 1: https://www.espoo.fi/en/unit/50238; Matinkylä beach / Beach volleyball court 2: https://www.espoo.fi/en/unit/53648; Matinkylä beach / Beach volleyball court 3: https://www.espoo.fi/en/unit/53951; Matinkylä fitness trail (GPS): https://www.espoo.fi/en/unit/54072; Matinkylä indoor swimming pool / Sports hall: https://www.espoo.fi/en/unit/69354; Matinkylä Sports Hall: https://www.espoo.fi/en/unit/75046; Matinkylä Sports Park: https://www.espoo.fi/en/unit/50548; Matinkylä Sports Park / Artificial ice field: https://www.espoo.fi/en/unit/67841; Matinkylä sports park / Athletics field: https://www.espoo.fi/en/unit/39560; Matinkylä sports park / Parkour area: https://www.espoo.fi/en/unit/57316; Matinkylä Sports Park / Skateboarding area: https://www.espoo.fi/en/unit/39892; Matinkylä swimming pool: https://www.espoo.fi/en/unit/68426; Matinkylä swimming pool / Gym: https://www.espoo.fi/en/unit/69352; Matinkylä winter swimming spot: https://www.espoo.fi/en/unit/44523; Matinkylän Rantametsä / Beach volleyball court: https://www.espoo.fi/en/unit/54040; Matinlahden koulu / Volleyball court: https://www.espoo.fi/en/unit/39822; Matinsyrjä ice-skating field: https://www.espoo.fi/en/unit/39765; Mattlidens skola (upper comprehensive school) / Indoor climbing wall: https://www.espoo.fi/en/unit/53700; Metsämaa outdoor climbing wall: https://www.espoo.fi/en/unit/50349; Metsämaa outdoor gym: https://www.espoo.fi/en/unit/67797; Metsämaa skateboarding area (Kalajärvi): https://www.espoo.fi/en/unit/50205; Metsämaa sports field / Athletics training area: https://www.espoo.fi/en/unit/50330; Mikkelän koulu / Ice-skating field: https://www.espoo.fi/en/unit/39743; Mikkelänpelto ice-skating field: https://www.espoo.fi/en/unit/39423; Mikkelänpelto neighbourhood sports area: https://www.espoo.fi/en/unit/46207; Multisport hall Kameleonten: https://www.espoo.fi/en/unit/72720; Multisport hall Kameleonten / Gym: https://www.espoo.fi/en/unit/74082; Myllyjärvi swimming area (north): https://www.espoo.fi/en/unit/39902; Myllyjärvi swimming area (south): https://www.espoo.fi/en/unit/39713; Niipperin koulu / Ice-skating field: https://www.espoo.fi/en/unit/63712; Niittykumpu neighbourhood sports area: https://www.espoo.fi/en/unit/57382; Niittykumpu skateboarding area: https://www.espoo.fi/en/unit/57381; Nöykkiö ice-skating field: https://www.espoo.fi/en/unit/39686; Nöykkiönkenttä / Neighbourhood sports area: https://www.espoo.fi/en/unit/57287; Nupuri nature tower: https://www.espoo.fi/en/unit/77684; Odilampi beach: https://www.espoo.fi/en/unit/39606; Oittaa - Pirttimäki outdoor recreation route: https://www.espoo.fi/en/unit/53557; Oittaa / Mountain biking trail: https://www.espoo.fi/en/unit/64761; Oittaa artificial snow track: https://www.espoo.fi/en/unit/54322; Oittaa beach: https://www.espoo.fi/en/unit/39322; Oittaa beach / Outdoor gym: https://www.espoo.fi/en/unit/63352; Oittaa beach volleyball court 1: https://www.espoo.fi/en/unit/46223; Oittaa beach volleyball court 2: https://www.espoo.fi/en/unit/53622; Oittaa beach volleyball court 3: https://www.espoo.fi/en/unit/53617; Oittaa Disc golf course: https://www.espoo.fi/en/unit/39515; Oittaa fitness trail 1km (GPS): https://www.espoo.fi/en/unit/54323; Oittaa fitness trail 2,8km (GPS): https://www.espoo.fi/en/unit/54309; Oittaa fitness trail 4,6km (GPS): https://www.espoo.fi/en/unit/54312; Oittaa nature trail: https://www.espoo.fi/en/unit/53826; Oittaa winter swimming spot: https://www.espoo.fi/en/unit/44524; Oittaa, Fixed orienteering points: https://www.espoo.fi/en/unit/64641; Olari - Tapiola outdoor recreation route: https://www.espoo.fi/en/unit/54318; Olari gym: https://www.espoo.fi/en/unit/39371; Olari sports field / Beach volleyball court: https://www.espoo.fi/en/unit/50335; Olarin kenttä / Athletics training area: https://www.espoo.fi/en/unit/53632; Olarin kenttä / Volleyball court: https://www.espoo.fi/en/unit/54024; Opinmäen koulu (school) / Beach volleyball court: https://www.espoo.fi/en/unit/50340; Opinmäen koulu / Ice-skating field: https://www.espoo.fi/en/unit/53567; Opinmäen koulu / Parkour area: https://www.espoo.fi/en/unit/54032; Opinmäen koulu / Sports hall: https://www.espoo.fi/en/unit/45070; Otaniemi Sports Park: https://www.espoo.fi/en/unit/50546; Otaniemi Sports Park / artificial ice rink: https://www.espoo.fi/en/unit/39563; Otaniemi sports park / Athletics field: https://www.espoo.fi/en/unit/39432; Otaniemi, Fixed orienteering points: https://www.espoo.fi/en/unit/72565; Painiitty / Neighbourhood sports area: https://www.espoo.fi/en/unit/46206; Painiitty / Parkour area: https://www.espoo.fi/en/unit/46208; Painiitty / Skateboarding area: https://www.espoo.fi/en/unit/50220; Päiväkehrän koulu (school) / Beach volleyball court: https://www.espoo.fi/en/unit/57498; Päivänkehrän koulu / Athletics training area: https://www.espoo.fi/en/unit/57494; Päivänkehrän koulu / Ice-skating field: https://www.espoo.fi/en/unit/39315; Pakankylän koulu / Ice-skating field: https://www.espoo.fi/en/unit/39684; Palokaivonkenttä / Volleyball court: https://www.espoo.fi/en/unit/46220; Pattistenpelto / Volleyball court: https://www.espoo.fi/en/unit/50226; Pentala / Recreational island: https://www.espoo.fi/en/unit/64725; Pentala nature trail: https://www.espoo.fi/en/unit/57427; Perkkaa artificial ice rink: https://www.espoo.fi/en/unit/68916; Perkkaanpuiston koulu / Ice-skating field: https://www.espoo.fi/en/unit/39279; Pihlajamäki ice-skating field: https://www.espoo.fi/en/unit/39629; Pisanpuisto / Ice-skating field: https://www.espoo.fi/en/unit/50514; Pisanpuisto / Skateboarding area (Latokaski): https://www.espoo.fi/en/unit/46237; Pitkäjärvi winter swimming spot: https://www.espoo.fi/en/unit/44509; Postipuun koulu / Outdoor climbing wall: https://www.espoo.fi/en/unit/54344; Puolarmaari - Suomenoja outdoor recreation route: https://www.espoo.fi/en/unit/54349; Puolarmaari artificial ice rink: https://www.espoo.fi/en/unit/63148; Puolarmaari disc golf course: https://www.espoo.fi/en/unit/50177; Puolarmaari tennis court (outside): https://www.espoo.fi/en/unit/63114; Puolarmaarin outdoor recreation center / pumptrack: https://www.espoo.fi/en/unit/63079; Rastaalan koulu / Ice-skating field: https://www.espoo.fi/en/unit/39900; Rövaren / Recreational island: https://www.espoo.fi/en/unit/64727; Rövaren beach: https://www.espoo.fi/en/unit/52958; Rövargrundet / Recreational island: https://www.espoo.fi/en/unit/64726; Röylän koulu (school) / Beach volleyball court: https://www.espoo.fi/en/unit/57496; Röylän koulu / Ice-skating field: https://www.espoo.fi/en/unit/39715; Röylän koulu / Volleyball court: https://www.espoo.fi/en/unit/57551; Ruispelto beach (Pitkäjärvi): https://www.espoo.fi/en/unit/53461; Ruusutorpan koulu / Swimming pool: https://www.espoo.fi/en/unit/54359; Saarenpelto outdoor gym: https://www.espoo.fi/en/unit/66836; Saarnilaakson koulu / Ice-skating field: https://www.espoo.fi/en/unit/39531; Saarnilaakson koulu / Volleyball court: https://www.espoo.fi/en/unit/50469; Säterinniitty field / Artificial ice rink: https://www.espoo.fi/en/unit/53615; Säterinniitynkenttä / Athletics training area: https://www.espoo.fi/en/unit/53626; Säterinniitynkenttä / Neighbourhood sports area: https://www.espoo.fi/en/unit/53619; Säterinniitynkenttä / Tennis court: https://www.espoo.fi/en/unit/68868; Saunalahden koulu / Dance studio: https://www.espoo.fi/en/unit/54357; Saunalahden koulu / Ice-skating field: https://www.espoo.fi/en/unit/50515; Sepänkylä ice-skating field: https://www.espoo.fi/en/unit/39269; Sepettorpanpuisto / Parkour area: https://www.espoo.fi/en/unit/53706; Siikajärvi beach: https://www.espoo.fi/en/unit/39412; Siikajärvi fitness trail (GPS): https://www.espoo.fi/en/unit/54324; Silkkiniitty ski track: https://www.espoo.fi/en/unit/50794; Solvalla sports institute ski track: https://www.espoo.fi/en/unit/54310; Sorlampi nature trail: https://www.espoo.fi/en/unit/53829; Sorvalampi beach: https://www.espoo.fi/en/unit/39875; Stora Herrö / Recreational island: https://www.espoo.fi/en/unit/64728; Stora Herrö beach: https://www.espoo.fi/en/unit/52960; Stora Herrö nature tower: https://www.espoo.fi/en/unit/50545; Stora Herrö, Fixed orienteering points: https://www.espoo.fi/en/unit/64643; Suinonpuisto / Beach volleyball court: https://www.espoo.fi/en/unit/46395; Sunan koulu / Ice-skating field: https://www.espoo.fi/en/unit/39271; Sunan koulu / Outdoor climbing wall: https://www.espoo.fi/en/unit/53968; Suurpelto skateboarding area (Uuskartanonpuisto): https://www.espoo.fi/en/unit/46397; Svinö beach (Suvisaaristo): https://www.espoo.fi/en/unit/39846; Taavinkylän koulu (school) / Disc golf course: https://www.espoo.fi/en/unit/51448; Taavinkylän koulu / Ice-skating field: https://www.espoo.fi/en/unit/39401; Tapiola - Turunväylä outdoor recreation route: https://www.espoo.fi/en/unit/54327; Tapiola golf ski track (3,5km): https://www.espoo.fi/en/unit/50831; Tapiola Ice Garden: https://www.espoo.fi/en/unit/39834; Tapiola Sports hall: https://www.espoo.fi/en/unit/39749; Tapiola Sports hall / Gym: https://www.espoo.fi/en/unit/39356; Tapiola Sports hall judo floor: https://www.espoo.fi/en/unit/39766; Tapiola Sports Park: https://www.espoo.fi/en/unit/50551; Tapiola Sports Park / Athletics training area: https://www.espoo.fi/en/unit/45073; Tapiola Sports Park / Football stadium: https://www.espoo.fi/en/unit/39804; Tapiola wading pool: https://www.espoo.fi/en/unit/62213; Tapiolan asukaspuisto / Neighbourhood sports area: https://www.espoo.fi/en/unit/54398; Tapionkenttä / Artificial ice rink: https://www.espoo.fi/en/unit/53563; Tapionkenttä / Artificial turf field: https://www.espoo.fi/en/unit/50329; Tiistilän koulu / Ice-skating field: https://www.espoo.fi/en/unit/39398; Tikankierros nature trail in Espoo Central Park: https://www.espoo.fi/en/unit/53827; Tillinmäki ice-skating field: https://www.espoo.fi/en/unit/39620; Toppelund beach: https://www.espoo.fi/en/unit/39784; Torra Lövö / Recreational island: https://www.espoo.fi/en/unit/50774; Träskända nature trail: https://www.espoo.fi/en/unit/53823; Tremanskärr nature trail: https://www.espoo.fi/en/unit/53834; Tuomarila workout stairs: https://www.espoo.fi/en/unit/64904; Tuulimäki / Archery range: https://www.espoo.fi/en/unit/39464; Tuulimäki / Artistic gymnastics facility: https://www.espoo.fi/en/unit/39270; Tuulimäki / Fencing facility: https://www.espoo.fi/en/unit/39617; Tuulimäki / Gym: https://www.espoo.fi/en/unit/39420; Tuulimäki / Indoor shooting range: https://www.espoo.fi/en/unit/53646; Tuulimäki / Table tennis facility: https://www.espoo.fi/en/unit/39816; Tuulimäki Sports hall /air raid shelter: https://www.espoo.fi/en/unit/66832; Tvijälp / Recreational island: https://www.espoo.fi/en/unit/50783; Tyrskyvuori beach (Laurinlahti): https://www.espoo.fi/en/unit/39897; Tyrskyvuori workout stairs: https://www.espoo.fi/en/unit/57093; Ullanmäki - Keskuspuisto outdoor recreation route: https://www.espoo.fi/en/unit/53550; Uusmäki beach volleyball court: https://www.espoo.fi/en/unit/54016; Uusmäki neighbourhood sports area: https://www.espoo.fi/en/unit/50207; Vanha-Mankkaa park, outdoor gym 1: https://www.espoo.fi/en/unit/76942; Vanha-Mankkaa park, outdoor gym 2: https://www.espoo.fi/en/unit/76941; Vanttilan koulu (school) / Beach volleyball court: https://www.espoo.fi/en/unit/54020; Vanttilan koulu / Ice-skating field: https://www.espoo.fi/en/unit/50503; Veini ice-skating field: https://www.espoo.fi/en/unit/39663; Viherkallio ice-skating field: https://www.espoo.fi/en/unit/39691; Viherkallion koulu / Ice-skating field: https://www.espoo.fi/en/unit/39335; Villa Elfvik's Nature Sanctuary nature trail: https://www.espoo.fi/en/unit/53822; Vilniemi Beach volleyball court: https://www.espoo.fi/en/unit/50480; Vilniemi ice-skating field: https://www.espoo.fi/en/unit/39724; Vindängens skola / Baseball field: https://www.espoo.fi/en/unit/39508; Vindängens skola / Ice-skating field: https://www.espoo.fi/en/unit/39655; Westend beach: https://www.espoo.fi/en/unit/52959; Westend ice-skating field: https://www.espoo.fi/en/unit/39284; Westend winter swimming spot: https://www.espoo.fi/en/unit/67840; Westend workout stairs: https://www.espoo.fi/en/unit/57092; Ymmerstan koulu / Ice-skating field: https://www.espoo.fi/en/unit/50265; Ymmerstanmäki / Neighbourhood sports area: https://www.espoo.fi/en/unit/46246";13.10.2025;Promote health-enhancing physical activity by maintaining and operating over 500 sports facilities and sea-related activities, offering guided classes and events, supporting sports clubs, driving digital sports engagement, and coordinating outdoor recreation across the city in collaboration with partners.
Sports facilities in schools;https://www.espoo.fi/en/sports-and-nature/reservation-sports-facilities/sports-facilities-schools;Sports and Exercise Services allots time slots in sports facilities in schools.;Sports and Exercise Services allots time slots in sports facilities in schools.;"Auroran koulu /: https://www.espoo.fi/en/unit/39287; Reservation of sports facilities: https://www.espoo.fi/en/sports-and-nature/reservation-sports-facilities";13.10.2025;It allocates time slots for using school sports facilities.
Sports fields;https://www.espoo.fi/en/sports-and-nature/outdoor-exercise-facilities/sports-fields;"There are several sports fields in Espoo.

There are several sports fields in Espoo where you can practice outdoor sports both in summer and winter.";There are several sports fields in Espoo.;"Espoon Koulumäki / Athletics training area: https://www.espoo.fi/en/unit/50326; Espoonlahti sports park / Baseball field: https://www.espoo.fi/en/unit/39760; Järvenperä athletics training area: https://www.espoo.fi/en/unit/50398; Juvanpuiston koulu / Athletics training area: https://www.espoo.fi/en/unit/57379; Kauklahden urheilukenttä / Athletics field: https://www.espoo.fi/en/unit/39790; Keski-Espoo Sports Park / Athletics training area: https://www.espoo.fi/en/unit/53819; Laaksolahti sports park / Athletics field: https://www.espoo.fi/en/unit/39690; Leppävaara Sports Park / Athletics Stadium: https://www.espoo.fi/en/unit/39767; Leppävaara Sports Park artificial turf field 2: https://www.espoo.fi/en/unit/45067; Leppävaara Sports Park grass field 1: https://www.espoo.fi/en/unit/53538; Matinkylä sports park / Athletics field: https://www.espoo.fi/en/unit/39560; Metsämaa sports field / Athletics training area: https://www.espoo.fi/en/unit/50330; Olarin kenttä / Athletics training area: https://www.espoo.fi/en/unit/53632; Otaniemi sports park / Athletics field: https://www.espoo.fi/en/unit/39432; Säterinniitynkenttä / Athletics training area: https://www.espoo.fi/en/unit/53626; Tapiola Sports Park / Athletics training area: https://www.espoo.fi/en/unit/45073; Tapionkenttä / Artificial turf field: https://www.espoo.fi/en/unit/50329";13.10.2025;Espoo's outdoor sports fields provide year-round spaces for practicing outdoor sports.
Sports grants;https://www.espoo.fi/en/sports-and-nature/sports-grants;The Sports and Exercise Committee may award grants to sports clubs registered in Espoo that are members of a national sports organisation, or to any association with activities that focus primarily on sports and exercise.;The Sports and Exercise Committee may award grants to sports clubs registered in Espoo that are members of a national sports organisation, or to any association with activities that focus primarily on sports and exercise.;N/A;13.10.2025;Provides grants to Espoo-based sports clubs that are members of a national sports organisation, or to associations whose activities are primarily focused on sports and exercise.
Sports halls;https://www.espoo.fi/en/sports-and-nature/sports-halls;Kaivomestari - Keski-Espoo sports hall;Kaivomestari - Keski-Espoo sports hall;"Espoonlahti sports hall: https://www.espoo.fi/en/unit/39397; Kannusillanmäki Sports Hall: https://www.espoo.fi/en/unit/57352; Leppävaara sports hall: https://www.espoo.fi/en/unit/39719; Opinmäen koulu / Sports hall: https://www.espoo.fi/en/unit/45070; Tapiola Sports hall: https://www.espoo.fi/en/unit/39749; Tuulimäki Sports hall /air raid shelter: https://www.espoo.fi/en/unit/66832";13.10.2025;Kaivomestari provides the Keski-Espoo sports hall as a facility for sporting activities.
Sports parks;https://www.espoo.fi/en/sports-and-nature/outdoor-exercise-facilities/sports-parks;"There are seven sports parks in Espoo.

Espoo's sports parks provide excellent facilities for various sports, including football, Finnish baseball (pesäpallo), street basketball, floorball, ice skating, ice hockey, running, long jump, skateboarding, gym training and beach volleyball. You can find a list of all the sports parks below.";There are seven sports parks in Espoo.;"Espoonlahti Sports Park: https://www.espoo.fi/en/unit/50555; Keski-Espoo Sports Park: https://www.espoo.fi/en/unit/50570; Laaksolahti Sports Park: https://www.espoo.fi/en/unit/50558; Leppävaara Sports Park: https://www.espoo.fi/en/unit/50544; Matinkylä Sports Park: https://www.espoo.fi/en/unit/50548; Otaniemi Sports Park: https://www.espoo.fi/en/unit/50546; Tapiola Sports Park: https://www.espoo.fi/en/unit/50551";13.10.2025;Espoo's seven sports parks provide facilities for a wide range of sports and activities, including football, pesäpallo, street basketball, floorball, ice skating and hockey, running, long jump, skateboarding, gym training, and beach volleyball.
Start-up and investment aid;https://www.espoo.fi/en/services/start-and-investment-aid;"Start-up aid is granted for normal tenement projects, and investment aid is granted for tenement projects for special groups that are financed with interest subsidy loans

Start-up aid is granted for tenement projects financed with long 40-year interest subsidy loans. Additionally, ARA grants investment aid for tenement projects for special groups that are financed with long 40-year interest subsidy loans. Special groups include seniors who have memory disorders or are in bad condition, those in mental health rehabilitation, disabled people, the long-term homeless, young people and students.";Start-up aid is granted for normal tenement projects, and investment aid is granted for tenement projects for special groups that are financed with interest subsidy loans;Housing Services: https://www.espoo.fi/en/unit/21974;13.10.2025;Provides 40-year interest-subsidy loan financing for tenement projects, offering start-up aid for normal projects and investment aid for projects serving special groups (e.g., seniors with memory disorders, people in mental health rehabilitation, disabled people, the long-term homeless, youth and students).
Start-up grant;https://www.espoo.fi/en/services/start-grant;"The start-up grant secures your livelihood during the establishment and consolidation stage of your business.

The start-up grant is discretionary support for a new entrepreneur. Its purpose is to secure an entrepreneur's livelihood at the starting phase of new full-time entrepreneurship when the income generated by the company is still low.

The start-up grant is granted for six months from the time you start as a full-time entrepreneur or expand your part-time business to full time. You may receive an extension to the start-up grant so that the total duration is no more than 12 months.

The start-up grant is equal in amount to a basic unemployment allowance. The start-up grant is paid for five days per calendar week.";The start-up grant secures your livelihood during the establishment and consolidation stage of your business.;"Espoo Employment Services, office in Sello: https://www.espoo.fi/en/unit/76109; Espoo Employment Services, Piispanportti office: https://www.espoo.fi/en/unit/63889";13.10.2025;The Start-up grant provides discretionary financial support to new full-time entrepreneurs to secure their livelihood during the startup phase, offering payments equal to the basic unemployment allowance for up to six months (extendable to a total of 12 months) and paid five days per week.
Storage of boats;https://www.espoo.fi/en/sports-and-nature/boating/storage-boats;"In the city-administered marinas and in Ämmässuo, Sports Services takes care of the winter storage areas of boats together with the boating clubs operating there.

Winter storage in the marinas 15.9.-10.6.
Storage of boats in Ämmäsmäki 15.9.-14.9.";In the city-administered marinas and in Ämmässuo, Sports Services takes care of the winter storage areas of boats together with the boating clubs operating there.;Espoo's boat space reservation: https://varaukset.espoo.fi/;13.10.2025;Sports Services coordinates winter boat storage at the city-operated marinas and in Ämmässuo, in partnership with local boating clubs.
Stray animals;https://www.espoo.fi/en/sports-and-nature/animals/stray-animals;Stray animals refer to dogs, cats and other small pets found and captured within the boundaries of the municipality. Stray animals found in Espoo, Kauniainen and Kirkkonummi are cared for at the Viikki animal shelter in Helsinki.;Stray animals found in Espoo, Kauniainen and Kirkkonummi are cared for at the Viikki animal shelter in Helsinki.;"City of Espoo veterinarians' office: https://www.espoo.fi/en/unit/64065; City of Espoo veterinarians: https://www.espoo.fi/en/sports-and-nature/animals/city-espoo-veterinarians; Import and export of animals: https://www.espoo.fi/en/sports-and-nature/animals/import-and-export-animals; Animal welfare: https://www.espoo.fi/en/sports-and-nature/elaimet/animal-welfare";13.10.2025;It provides care for stray dogs, cats, and other small pets found within the municipality, with those from Espoo, Kauniainen, and Kirkkonummi taken to the Viikki Animal Shelter in Helsinki.
Street maintenance;https://www.espoo.fi/en/services/street-maintenance;The Urban Environment Sector maintains the street and road network of Espoo with the exception of motorways, ring roads and other public roads maintained by Centre for Economic Development, Transport and the Environment and private roads maintained by road maintenance associations.;The Urban Environment Sector maintains the street and road network of Espoo with the exception of motorways, ring roads and other public roads maintained by Centre for Economic Development, Transport and the Environment and private roads maintained by road maintenance associations.;"Maintenance of streets, walking and cycling network: https://www.espoo.fi/en/transport-and-streets/street-maintenance; Give feedback: Streets and traffic: https://easiointi.espoo.fi/eFeedback/en/Feedback/6-Streets%20and%20traffic; Urban Environment Customer Service: https://www.espoo.fi/en/units/63749; Report a problem: https://easiointi.espoo.fi/eFeedback/en/Feedback/31-Felanm%C3%A4lan";13.10.2025;Maintaining Espoo's street and road network, excluding motorways, ring roads, and roads managed by the Centre for Economic Development, Transport and the Environment or by private road maintenance associations.
Street or park area project;https://www.espoo.fi/en/services/street-or-park-area-project;Earthworks, tree-felling or corresponding action altering the landscape may not be carried out without a permit in town plan area and areas where there is a building prohibition to prepare a town plan or where the permit has been determined as mandatory to prepare or change a master plan. The operations also require a permit in the master plan and detailed shore plan areas, if the plan so dictates. A person carrying out earthworks, tree-felling or corresponding action altering the landscape is always responsible for ensuring that the necessary permits exist for the action. Application forms with instructions are available at the Environment and Technical Services customer service, they can be printed from the City of Espoo website, or the application can be submitted electronically through the electronic service for construction and land use. More detailed instructions can be found on the website of the City of Espoo.;Earthworks, tree-felling or corresponding action altering the landscape may not be carried out without a permit in town plan area and areas where there is a building prohibition to prepare a town plan or where the permit has been determined as mandatory to prepare or change a master plan. The operations also require a permit in the master plan and detailed shore plan areas, if the plan so dictates.;"City Planning Department: https://www.espoo.fi/en/unit/21969; Espoo Building Control: https://www.espoo.fi/en/unit/21970; Urban Environment Customer Service: https://www.espoo.fi/en/unit/63749";13.10.2025;Provides permits for earthworks, tree-felling, or other landscape-altering actions in designated planning areas (town plan, master plan, and shore plan areas), with available application forms and electronic submission options.
Subsidy for arranging working conditions;https://www.espoo.fi/en/services/subsidy-arranging-working-conditions;"You can apply for a subsidy for arranging working conditions if your employee's disability or illness requires new tools or alterations at work.


As an employer, you can receive support for arranging working conditions if the disability or illness of a person you are going to employ or who is already employed by you requires
- new tools or furniture
- alterations to be made at the workplace or
- assistance provided by another employee.

The subsidy improves the chances of people with demand-specific work ability to find suitable employment or to keep their job in the open labour market.";"You can apply for a subsidy for arranging working conditions if your employee's disability or illness requires new tools or alterations at work.
";"Espoo Employment Services, office in Sello: https://www.espoo.fi/en/unit/76109; Espoo Employment Services, Piispanportti office: https://www.espoo.fi/en/unit/63889";13.10.2025;An employer subsidy to modify or equip the workplace—with tools, furniture, alterations, or assistance—to accommodate an employee’s disability or illness and improve their chances of finding or keeping employment.
Sunday excursions for the whole family at Villa Elfvik;https://www.espoo.fi/en/sports-and-nature/explore-nature/nature-house-villa-elfvik/sunday-excursions-whole-family-villa-elfvik;"The excursions are active family outings progressing on the children's terms.

The excursions with different themes start outside the Nature House at 10.30 am each Sunday from June to September.";The excursions are active family outings progressing on the children's terms.;Nature House Villa Elfvik: https://www.espoo.fi/en/unit/27540;13.10.2025;Villa Elfvik's Sunday family excursions are active, theme-based outings for children and their families, starting outside the Nature House at 10:30 am each Sunday from June to September.
Support for the activities of youth groups and organisations;https://www.espoo.fi/en/services/support-activities-youth-groups-and-organisations;"The Youth Services promotes the operation of youth organisations and groups in the city and the means of young people to participate in society.

Youth organisations and activity groups are supported by grants awarded by the committee, premises that can be booked from the Youth Services and camp equipment lending services.";The Youth Services promotes the operation of youth organisations and groups in the city and the means of young people to participate in society.;Youth Services: https://www.espoo.fi/en/unit/20046;13.10.2025;Provides grants, access to premises, and camp equipment lending to support youth groups and promote youth participation in the community.
Sustainable Development in Espoo brochure;https://www.espoo.fi/en/services/sustainable-development-espoo-brochure;"The city's annual review describing ecological sustainability.

The annually-published brochure describes the progress of ecologically sustainable development and the city's environmental objectives in Espoo. The brochure is published annually in Finnish and English.";The city's annual review describing ecological sustainability.;Environmental protection services: https://www.espoo.fi/en/unit/66794;13.10.2025;An annual bilingual brochure outlining Espoo's ecologically sustainable development progress and the city's environmental objectives.
Swimming areas;https://www.espoo.fi/en/sports-and-nature/outdoor-exercise-facilities/uimapaikat/swimming-areas;"Espoo has 17 unsupervised swimming areas. 


Espoo has 17 unsupervised swimming areas. The swimming areas are located on the shores of lakes and the sea and in the recreation islands. They include dressing rooms / beach huts and a toilet/dry closet.";"Espoo has 17 unsupervised swimming areas. 
";"Iso Vasikkasaari beach: https://www.espoo.fi/en/unit/50549; Iso Vasikkasaari beach (South): https://www.espoo.fi/en/unit/53476; Kallvik beach: https://www.espoo.fi/en/unit/39881; Karhusaari beach: https://www.espoo.fi/en/unit/39667; Kattilajärvi beach: https://www.espoo.fi/en/unit/39368; Lippajärvi beach: https://www.espoo.fi/en/unit/39823; Myllyjärvi swimming area (north): https://www.espoo.fi/en/unit/39902; Odilampi beach: https://www.espoo.fi/en/unit/39606; Rövaren beach: https://www.espoo.fi/en/unit/52958; Ruispelto beach (Pitkäjärvi): https://www.espoo.fi/en/unit/53461; Siikajärvi beach: https://www.espoo.fi/en/unit/39412; Sorvalampi beach: https://www.espoo.fi/en/unit/39875; Stora Herrö beach: https://www.espoo.fi/en/unit/52960; Svinö beach (Suvisaaristo): https://www.espoo.fi/en/unit/39846; Toppelund beach: https://www.espoo.fi/en/unit/39784; Tyrskyvuori beach (Laurinlahti): https://www.espoo.fi/en/unit/39897";13.10.2025;Espoo provides 17 unsupervised swimming areas located on lake and sea shores and recreation islands, equipped with dressing rooms, beach huts, and toilets.
Swimming pools;https://www.espoo.fi/en/sports-and-nature/indoor-sports-facilities/swimming-pools;"There are five indoor swimming pools in Espoo.

In addition to swimming, the swimming pools offer many other recreational services.";There are five indoor swimming pools in Espoo.;N/A;13.10.2025;Five indoor swimming pools in Espoo offer swimming and a range of other recreational services.
Temporary traffic arrangements;https://www.espoo.fi/en/services/temporary-traffic-arrangements;"The plan for temporary traffic arrangements is appended to the application for a street work permit when the work affects the use of the traffic area.

Temporary traffic arrangements refer to work on a street or other public area affecting parking arrangements or pedestrian, bicycle, or motor vehicle traffic. 

A permit is always required for temporary traffic arrangements in the City of Espoo's streets and public areas. The permit is fixed-term and subject to a fee.";The plan for temporary traffic arrangements is appended to the application for a street work permit when the work affects the use of the traffic area.;"Urban Environment Customer Service: https://www.espoo.fi/en/unit/63749; More about temporary traffic arrangements: https://www.espoo.fi/en/temporary-traffic-arrangements; ePermit (only in Finnish and Swedish) : https://easiointi.espoo.fi/ePermit/fi/Account?ReturnUrl=%2FePermit%2Ffi%2FPermitApplicant; Use of public areas, temporary traffic arrangements and roadworks: Regulations and guidelines for the capital region 2025 (available in Finnish only): https://kuntatekniikka.fi/wp-content/uploads/2025/04/32694094_PKS_A5-ohje_web-2025.pdf";13.10.2025;This service issues a fixed-term permit to authorize temporary traffic arrangements—such as changes to parking and pedestrian, bicycle, or motor vehicle traffic—during street works in Espoo.
Tennis courts;https://www.espoo.fi/en/sports-and-nature/outdoor-exercise-facilities/tennis-courts;The city of Espoo's outdoor tennis courts are located in the Tapiola, Espoonlahti, Otaniemi and Leppävaara sports parks and in the Puolarmaari outdoor recreation centre. You can book a slot at the tennis courts at a affordable price. The Puolarmaari outdoor recreation centre also has another outdoor tennis court where you can play without a reserved slot. You also do not need to book a slot at the Säterinniittynkenttä outdoor tennis court.;The city of Espoo's outdoor tennis courts are located in the Tapiola, Espoonlahti, Otaniemi and Leppävaara sports parks and in the Puolarmaari outdoor recreation centre. You can book a slot at the tennis courts at a affordable price. The Puolarmaari outdoor recreation centre also has another outdoor tennis court where you can play without a reserved slot. You also do not need to book a slot at the Säterinniittynkenttä outdoor tennis court.;"Espoonlahti Sports Park / Tennis courts (outdoors): https://www.espoo.fi/en/unit/72665; Leppävaara Sports Park tennis court 1: https://www.espoo.fi/en/unit/78370; Leppävaara Sports Park tennis court 2: https://www.espoo.fi/en/unit/78368; Puolarmaari tennis court (outside): https://www.espoo.fi/en/unit/63114; Säterinniitynkenttä / Tennis court: https://www.espoo.fi/en/unit/68868";13.10.2025;Espoo's outdoor tennis courts across several parks offer affordable booking slots, with some courts available for walk-in play without a reservation.
Terrain marking for a building;https://www.espoo.fi/en/services/terrain-marking-building;"In Espoo, the city survey services of the Public Works Department are responsible for building control measurements. From the city survey services, you can order, for example, a building permit map needed as an appendix to the building permit, boundary demonstrations of properties and plots, elevation demonstrations of plots and buildings, terrain markings of buildings and structures as well as building location reviews.

The terrain marking for a building site or equivalent is carried out based on the customer's order after the building permit has been granted.";In Espoo, the city survey services of the Public Works Department are responsible for building control measurements. From the city survey services, you can order, for example, a building permit map needed as an appendix to the building permit, boundary demonstrations of properties and plots, elevation demonstrations of plots and buildings, terrain markings of buildings and structures as well as building location reviews.;City Surveying services: https://www.espoo.fi/en/unit/21972;13.10.2025;This service performs terrain marking for a building site after a building permit is granted, including marking boundaries, elevations, and building locations as ordered.
The Baltic Sea Challenge;https://www.espoo.fi/en/services/baltic-sea-challenge;"The Baltic Sea Challenge is a network initiative that invites organisations to commit to protecting the Baltic Sea, building their own Baltic Sea Action Plan and implementing it.

The Baltic Sea Challenge is a free service for all organisations that want to work for the protection of waters. 

The Baltic Sea Challenge includes more than 200 partners: cities, companies, educational institutions, civic organisations, interest groups, local authorities and national research institutes from Finland and other Baltic Sea nations. 

The City of Espoo, together with the cities of Helsinki and Turku, offers the organisations committing to the Baltic Sea Challenge: 

- Support and tips for planning their own water protection activities
- Networking and visibility
- Regional, national and international events
- Possibilities to implement joint independent projects";The Baltic Sea Challenge is a network initiative that invites organisations to commit to protecting the Baltic Sea, building their own Baltic Sea Action Plan and implementing it.;Environmental protection services: https://www.espoo.fi/en/unit/66794;13.10.2025;The Baltic Sea Challenge is a free network that invites organizations to commit to protecting the Baltic Sea by developing and implementing their own Baltic Sea Action Plan, with support, networking, events, and opportunities for joint projects.
The City of Espoo Archives Customer Service;https://www.espoo.fi/en/services/city-espoo-archives-customer-service;"The City of Espoo Archives files the city's documents which are to be preserved long-term and permanently and provides information regarding the material in the archives

The City Archives stores documents on operations of the City of Espoo which are to be preserved long-term and permanently. The City Archives also accepts local area archives and archives from private persons, for example communities in Espoo.
Public documents can be studied in the City Archives facilities and copies of them can be requested on site, by mail or by email. We respond to information requests as soon as possible and latest within a given period in accordance with the Act on the Openness of Government Activities. When information requests concern classified documents, we verify the right of access of the person making the request. 
Documents can be requested from the City Archives:
by email kaupunginarkisto@espoo.fi 
by phone 09 8165 3000
by mail at the City of Espoo Archives, P.O. Box 1, 02070 City of Espoo
or visit us at Siltakatu 11, shopping centre Entresse, 3rd floor, 02770 Espoo.";The City of Espoo Archives files the city's documents which are to be preserved long-term and permanently and provides information regarding the material in the archives;"The City Archives: https://www.espoo.fi/en/unit/22409; The City Archives: https://www.espoo.fi/en/city-archives";13.10.2025;The City of Espoo Archives Customer Service preserves the City’s records for long-term access, accepts external and private archives, and facilitates access to public documents while handling information requests via on-site visits, email, phone, or mail.
The Espoo Building Control Department;https://www.espoo.fi/en/services/espoo-building-control-department-0;"The services of Building Control include decisions on building and operation permits and the preceding planning-stage negotiations, construction site reviews, continuous monitoring of the condition of plots and buildings, archival of building permit documents and customer guidance.

The services of Building Control include decisions on building and operation permits and the preceding planning-stage negotiations, construction site reviews, continuous monitoring of the condition of properties and buildings, establishing building easements, legal counselling in construction matters, archival of building permit documents and customer guidance.";The services of Building Control include decisions on building and operation permits and the preceding planning-stage negotiations, construction site reviews, continuous monitoring of the condition of plots and buildings, archival of building permit documents and customer guidance.;Espoo Building Control: https://www.espoo.fi/en/unit/21970;13.10.2025;The Espoo Building Control Department processes building and operation permits, conducts planning-stage negotiations, performs site inspections, monitors property conditions, maintains permit archives, and provides customer guidance and legal counsel on construction matters, including establishing building easements.
Tourist information;https://www.espoo.fi/en/services/tourist-information;"Tourist information is available at Visit Espoo webpages and Citizen's Offices in Espoo. https://www.visitespoo.fi/en/ and info@espoo.fi

The Citizen's Offices provide free information about tourism, attractions, events and services. In addition to brochures and maps, Citizen's Offices provide tips and ideas for leisure time and holidays. 
";"Tourist information is available at Visit Espoo webpages and Citizen's Offices in Espoo. https://www.visitespoo.fi/en/ and info@espoo.fi
";"Espoo info Service Point Kalajärvi: https://www.espoo.fi/en/unit/53545; Espoo info Service Point Leppävaara: https://www.espoo.fi/en/unit/53542; Espoo info Service Point Matinkylä: https://www.espoo.fi/en/unit/53503; Visitespoo: http://www.visitespoo.fi/en";13.10.2025;Provides free information about Espoo’s tourism, attractions, events, and services via the Visit Espoo website and Espoo’s Citizen's Offices, including brochures, maps, and leisure-time tips.
Traffic planning;https://www.espoo.fi/en/services/traffic-planning;"Traffic planning is part of the land use planning carried out in conjunction with master and town planning. When town planning is complete, traffic planning continues in more detail together with street planning.

Tasks of traffic planning:- Regional traffic planning that indicates the transport connections and spatial requirements of areas with a town plan in addition to further clarifying the interaction between transport, land use and the environment- Public transport planning as part of town planning in order to ensure that the operational prerequisites of public transport are fulfilled and improved through planning- General traffic planning to create the general guidelines for traffic in Espoo by, for example, participating in the general planning of transport routes in Espoo and the Helsinki Metropolitan Area- Traffic surveys that provide, for example, up-to-date information about the load of the transport network, the development of traffic volumes, the composition of traffic, driving speeds and parking 

Further information about traffic planning can be found at http://www.espoo.fi/en-US/Housing_and_environment/Streets_and_Transport/Traffic_plannig";Traffic planning is part of the land use planning carried out in conjunction with master and town planning. When town planning is complete, traffic planning continues in more detail together with street planning.;City Planning Department: https://www.espoo.fi/en/unit/21969;13.10.2025;Traffic planning coordinates transport and land use planning in Espoo, working with master and town planning to develop regional and public transport, set general traffic guidelines, and conduct surveys to monitor and improve the transport network.
Traffic signs, defect notices and initiatives;https://www.espoo.fi/en/services/traffic-signs-defect-notices-and-initiatives;"A defect notice of a missing or broken traffic sign and an initiative to place a traffic sign.

Missing or broken traffic signs can be reported with the city's feedback form. The feedback is directed to the Urban Environment Customer service. 

Initiatives to place traffic signs are submitted to the city Registry Office. The initiatives are processed in the traffic management unit of the Public Works Department.";A defect notice of a missing or broken traffic sign and an initiative to place a traffic sign.;"Give Feedback: https://easiointi.espoo.fi/eFeedback/en; Registry Office: https://www.espoo.fi/en/registry-office; Urban Environment Customer Service: https://www.espoo.fi/en/units/63749";13.10.2025;This service enables residents to report missing or broken traffic signs and to submit initiatives to place new signs, with defect reports sent to the Urban Environment Customer Service and sign-placement proposals processed by the Public Works Department's Traffic Management unit via the Registry Office.
Training and coaching for entrepreneurs;https://www.espoo.fi/en/services/training-and-coaching-entrepreneurs;"The training and coaching programmes for entrepreneurs provide you with a comprehensive idea of what an entrepreneur's daily life is like.


The training and coaching programmes for entrepreneurs provide you with a comprehensive idea of what an entrepreneur's daily life is like. Training can be provided to those planning entrepreneurship, as well as start-ups and already operating businesses.

The programmes encourage new entrepreneurs to plan their business carefully and develop it. They will give you the courage and confidence you need to start your business.";"The training and coaching programmes for entrepreneurs provide you with a comprehensive idea of what an entrepreneur's daily life is like.
";"Espoo Employment Services, office in Sello: https://www.espoo.fi/en/unit/76109; Espoo Employment Services, Piispanportti office: https://www.espoo.fi/en/unit/63889";13.10.2025;A training and coaching program for aspiring, start-up, and existing entrepreneurs that outlines the daily life of an entrepreneur, helps plan and develop a business, and builds the courage and confidence to start and grow.
Training trial;https://www.espoo.fi/en/services/training-trial;"In the training trial, you can familiarise yourself with the studies at an educational institution and find out whether the field is suitable for you.

You can use the training trial to explore career choices and career options. The purpose of the trial is to determine whether the field and training are suitable for you. The training trial is organised at an educational institution and is planned individually according to your needs.

The training trial is agreed upon in the employment plan or other equivalent plan.

You will receive the same unemployment benefits during training trial as you do while you are unemployed. If you have agreed to a training trial in your employment plan or another plan replacing it, your unemployment security can be increased. This will be decided by the party paying the unemployment benefit - that is, by the unemployment fund or Kela. 

If the costs of participating in the training trial are incurred, you can receive expense allowance for the days of participation. If you do not receive expense allowance from the payer of the unemployment benefit, that is, an unemployment fund or Kela, the Employment services can pay a discretionary expense allowance.";In the training trial, you can familiarise yourself with the studies at an educational institution and find out whether the field is suitable for you.;"Espoo Employment Services, office in Sello: https://www.espoo.fi/en/unit/76109; Espoo Employment Services, Piispanportti office: https://www.espoo.fi/en/unit/63889";13.10.2025;An institution-based trial that lets unemployed individuals sample studies and explore career options to determine the suitability of a field and its training, with continued unemployment benefits and potential expense allowances.
Urban Environment Customer Service;https://www.espoo.fi/en/services/urban-environment-customer-service;"Customer Service advises on matters relating to general areas. We respond to customer feedback through the feedback system and by phone.

You will find our electronic services on the E-services page or use Trimble Feedback Web Application.

";Customer Service advises on matters relating to general areas.;"Feedback service: https://easiointi.espoo.fi/eFeedback/en; Urban Environment Customer Service : https://www.espoo.fi/en/units/63749; Cable and pipe information service: https://www.espoo.fi/en/services/cable-and-pipe-information-service; City Surveying: https://www.espoo.fi/en/city-surveying; The Environment and Building Control Department, Building Control  : https://www.espoo.fi/en/housing-and-building/building/building-control; The Environment and Building Control Department, Environmental protection: https://www.espoo.fi/en/housing-and-building/environmental-protection; The Environment and Building Control Department, Espoo Region Environmental Health Services: https://www.espoo.fi/en/housing-and-building/espoo-region-environmental-health-services";13.10.2025;Urban Environment Customer Service provides guidance on general-area matters and handles customer feedback by phone or online, with access to e-services via the E-services page or the Trimble Feedback Web Application.
Use of school facilities;https://www.espoo.fi/en/services/use-school-facilities;Associations, organisations, communities, businesses and individuals can apply for the use of sports, assembly or classroom facilities of schools and educational institutions during evenings and weekends.;Associations, organisations, communities, businesses and individuals can apply for the use of sports, assembly or classroom facilities of schools and educational institutions during evenings and weekends.;"Sports facilities in schools: https://www.espoo.fi/en/sports-and-nature/reservation-sports-facilities/sports-facilities-schools; Reservation of school facilities: https://www.espoo.fi/sv/idrott-motion-och-natur/bokning-av-idrottslokaler/skolornas-idrottslokaler";13.10.2025;This service allows associations, organisations, communities, businesses and individuals to reserve school facilities—such as sports halls, assembly halls, and classrooms—for use during evenings and weekends.
Vocational guidance and career planning;https://www.espoo.fi/en/services/vocational-guidance-and-career-planning;"Vocational guidance and career planning help you assess your vocational, education or work options.

In vocational guidance and career planning, you discuss the choice of profession, professional development, placement in the world of work and lifelong learning confidentially with a counsellor.

A licensed psychologist may also, with your consent, use psychological assessment methods to examine professional and career options, competence, suitability and work and functional capacity.";Vocational guidance and career planning help you assess your vocational, education or work options.;"Espoo Employment Services, office in Sello: https://www.espoo.fi/en/unit/76109; Espoo Employment Services, Piispanportti office: https://www.espoo.fi/en/unit/63889";13.10.2025;Confidential vocational guidance and career planning to help you assess options, choose a profession, and plan your career and lifelong learning, with optional psychological assessment by a licensed psychologist with your consent.
Waste management and recycling in Espoo;https://www.espoo.fi/en/services/waste-management-and-recycling-espoo;Waste collection and management in Espoo is provided by the Helsinki Region Environmental Services Authority. It provides waste collection, waste treatment and places for the collection of hazardous waste;Waste collection and management in Espoo is provided by the Helsinki Region Environmental Services Authority. It provides waste collection, waste treatment and places for the collection of hazardous waste;Environmental protection services: https://www.espoo.fi/en/unit/66794;13.10.2025;This service provides waste collection, treatment, and hazardous-waste drop-off facilities for Espoo.
Waste management guidance and supervision;https://www.espoo.fi/en/services/waste-management-guidance-and-supervision;"The Environment and Building Control Department advises and supervises businesses, operators and residents in matters relating to waste and waste management. 

The advise and supervision may concern, for example, the sorting of waste or the storage and processing of toxic waste. The Environment and Building Control Department can be informed about litter and defects in the sorting of waste or the storage and processing of toxic waste. 

See the HSY website for further information about waste management, sorting and recycling.";The Environment and Building Control Department advises and supervises businesses, operators and residents in matters relating to waste and waste management.;Environmental protection services: https://www.espoo.fi/en/unit/66794;13.10.2025;The Environment and Building Control Department provides guidance and oversight to businesses, operators, and residents on waste management—including waste sorting, storage, and processing (including toxic waste)—and addresses litter and other waste-related defects.
Weighted-curriculum education;https://www.espoo.fi/en/childcare-and-education/basic-education/school-admissions/weighted-curriculum-education;Espoo offers versatile options for weighted-curriculum education.;Espoo offers versatile options for weighted-curriculum education.;N/A;13.10.2025;Espoo provides versatile options for weighted-curriculum education.
Wilma;https://www.espoo.fi/en/childcare-and-education/wilma;"Wilma is an electronic service used in Espoo to assist in the interaction between home and school. 

In Wilma, guardians can monitor the study attainments of pupils and students, view and clarify absences, send messages to teachers, read messages sent by teachers and follow notices sent by the school. 

Pupils and students use Wilma to select courses, monitor their attainments, read notices and communicate with teachers. 

Teachers enter evaluations and absences into Wilma and communicate with students and guardians.";Wilma is an electronic service used in Espoo to assist in the interaction between home and school.;Wilma login: https://espoo.inschool.fi/;13.10.2025;Wilma is an Espoo-based online platform that connects home and school, allowing guardians, pupils, and teachers to monitor progress and attendance, manage course selections, and communicate through messages and notices.
Winter swimming spots;https://www.espoo.fi/en/sports-and-nature/outdoor-exercise-facilities/uimapaikat/winter-swimming-spots;"Espoo has 11 winter swimming spots. All winter swimming spots are available to everyone.

The changing rooms are maintained by the City of Espoo or local winter swimming clubs and associations. The City of Espoo's changing rooms require a door code that you can request by calling the Espoo info, tel. 09 816 21, open weekdays 8:30 -16:00. You can enter the locker rooms 24/7 with the door code. The winter swimming clubs' changing room keys are subject to a fee and available from each club's contact person.

Some winter swimming spots have privately operated saunas that can be used for a fee.

Winter swimming season starts 1 September 2025. The door codes work between 1 September 2025 - 30 May 2026. The changing rooms are locked during summer and opened up again 1 September.";"Espoo has 11 winter swimming spots. All winter swimming spots are available to everyone.
";"Espoonlahti winter swimming spot (Klobben): https://www.espoo.fi/en/unit/44521; Hanikka winter swimming spot: https://www.espoo.fi/en/unit/73337; Hanikka winter swimming spot (Suinonsalmi): https://www.espoo.fi/en/unit/76883; Haukilahti winter swimming spot: https://www.espoo.fi/en/unit/44522; Kallvik winter swimming spot: https://www.espoo.fi/en/unit/44510; Kivenlahti winter swimming spot: https://www.espoo.fi/en/unit/44545; Laajalahti winter swimming spot: https://www.espoo.fi/en/unit/39627; Laurinlahti winter swimming spot (Tyrskyvuori): https://www.espoo.fi/en/unit/69116; Matinkylä winter swimming spot: https://www.espoo.fi/en/unit/44523; Oittaa winter swimming spot: https://www.espoo.fi/en/unit/44524; Pitkäjärvi winter swimming spot: https://www.espoo.fi/en/unit/44509; Westend winter swimming spot: https://www.espoo.fi/en/unit/67840";13.10.2025;Espoo's Winter Swimming Spots provide 11 locations with 24/7 locker-room access via door codes during the season (Sept 1, 2025–May 30, 2026), with some privately operated saunas and summer closures.
Work try-out;https://www.espoo.fi/en/services/work-try-out;"You can use a work try-out to find out about career choices and career options in practical tasks. You can also use it to support your return to work.

A work try-out may be suitable for you if you are considering your own field or want to find out whether a field is suitable for you. A work try-out is also an option if you have been outside of employment for a long period. During the work try-out, you will participate in general work at the workplace. A work try-out is not an employment relationship, and it does not create expenses for the employer.

Agree on the duration and working hours of the work try-out together with the employment authority in your region and the employer. The maximum duration of a work try-out is six months. 

During the work try-out, you will receive the same unemployment security as if you were unemployed. If you have agreed to a work try-out in your employment plan or a plan replacing it, your unemployment security can be increased. This will be decided by the party paying the unemployment benefit - that is, by the unemployment fund or Kela. 

If the costs of participating in the work try-out are incurred, you can receive expense allowance for the days of participation. If you do not receive expense allowance from the payer of the unemployment benefit, that is, an unemployment fund or Kela, the Employment services can pay a discretionary expense allowance.";You can use a work try-out to find out about career choices and career options in practical tasks. You can also use it to support your return to work.;"Espoo Employment Services, office in Sello: https://www.espoo.fi/en/unit/76109; Espoo Employment Services, Piispanportti office: https://www.espoo.fi/en/unit/63889";13.10.2025;Work try-out is a temporary, non-employment work placement (up to six months) at a real workplace to explore career options and support a return to work, with unemployment benefits and potential expense allowances provided.
Workout stairs;https://www.espoo.fi/en/sports-and-nature/outdoor-exercise-facilities/workout-stairs;Stair workouts are effective and if you do them regularly, you will achieve results quickly. We recommend that you gradually increase your pace and the number of repetitions. The locations of workout stairs in Espoo are listed below.;Stair workouts are effective and if you do them regularly, you will achieve results quickly. We recommend that you gradually increase your pace and the number of repetitions. The locations of workout stairs in Espoo are listed below.;"Ala-Soukka workout stairs: https://www.espoo.fi/en/unit/63031; Kalajärvi workout stairs: https://www.espoo.fi/en/unit/76234; Kauklahti workout stairs: https://www.espoo.fi/en/unit/78554; Laaksolahti workout stairs: https://www.espoo.fi/en/unit/76014; Tuomarila workout stairs: https://www.espoo.fi/en/unit/64904; Tyrskyvuori workout stairs: https://www.espoo.fi/en/unit/57093; Westend workout stairs: https://www.espoo.fi/en/unit/57092";13.10.2025;A stair-workout service that helps you improve fitness with progressively increasing pace and repetitions, and provides a list of Espoo workout stairs.
Worksite reviews;https://www.espoo.fi/en/services/worksite-reviews;The party launching a construction project is responsible for the implementation and quality of the project. The everyday supervision of construction work is also the responsibility of that party. The Espoo Building Control Department carries out reviews to monitor that the party launching the construction project fulfils the above-mentioned responsibility. The reviews must be attended by the supervisor in charge of the construction project hired by the party launching the project.;The party launching a construction project is responsible for the implementation and quality of the project. The everyday supervision of construction work is also the responsibility of that party. The Espoo Building Control Department carries out reviews to monitor that the party launching the construction project fulfils the above-mentioned responsibility.;Espoo Building Control: https://www.espoo.fi/en/unit/21970;13.10.2025;Worksite reviews are inspections by the Espoo Building Control Department to verify that the project initiator fulfills its responsibility for on-site supervision and quality, with attendance by the project supervisor.
Youth centres;https://www.espoo.fi/en/services/youth-centres;"Youth centres have open activities on weekdays and weekends mainly for 12-17-year-olds. The activities can be guided or organised by the young people.

Youth centres have open activities on weekdays and weekends primarily for 12-17-year-olds. The activities can be guided or organised by the young people themselves.";Youth centres have open activities on weekdays and weekends mainly for 12-17-year-olds. The activities can be guided or organised by the young people.;"Gräsan taitojen talo: https://www.espoo.fi/en/unit/20037; Juvanpuiston nuorisotila (Youth Centre): https://www.espoo.fi/en/unit/20027; Karakallion nuorisotila (Youth Centre): https://www.espoo.fi/en/unit/20035; Matinkylän monitoimitalo / Youth center: https://www.espoo.fi/en/unit/20032; Opinmäki youth center: https://www.espoo.fi/en/unit/78614; Youth Services: https://www.espoo.fi/en/unit/20046";13.10.2025;Youth centres provide open activities for 12-17-year-olds on weekdays and weekends, with opportunities for the young people to guide or organise the activities.
building outside the town plan area;https://www.espoo.fi/en/services/building-outside-town-plan-area;"In Espoo, all areas that are not covered by the town plan are considered areas requiring planning. A building permit consists of examining preconditions related to area use (placement preconditions) as well as essential technical requirements (implementation preconditions). Building permits are granted by the municipal building control authority. By request of the permit application, the municipality can decide to resolve the existence of the placement preconditions by means of a separate decision (placement permit). Deviating from the rules, regulations, prohibitions and other restrictions stipulated in the Construction Act or adopted thereunder (for example, the regulations of the building code) is subject to a deviation permit.

In Espoo, all areas that are not covered by the town plan are considered areas requiring planning. A building permit consists of examining preconditions related to area use (placement preconditions) as well as essential technical requirements (implementation preconditions). Building permits are granted by the municipal building control authority. By request of the permit application, the municipality can decide to resolve the existence of the placement preconditions by means of a separate decision (placement permit).

Deviating from the rules, regulations, prohibitions and other restrictions stipulated in the Construction Act or adopted thereunder (for example, the regulations of the building code) is subject to a deviation permit.

Application forms with instructions are available at the Environment and Technical Services customer service, they can be printed from the City of Espoo website, or the application can be submitted electronically through the electronic service for construction and land use. More detailed instructions can be found on the website of the City of Espoo.";In Espoo, all areas that are not covered by the town plan are considered areas requiring planning. A building permit consists of examining preconditions related to area use (placement preconditions) as well as essential technical requirements (implementation preconditions). Building permits are granted by the municipal building control authority. By request of the permit application, the municipality can decide to resolve the existence of the placement preconditions by means of a separate decision (placement permit). Deviating from the rules, regulations, prohibitions and other restrictions stipulated in the Construction Act or adopted thereunder (for example, the regulations of the building code) is subject to a deviation permit.;"City Planning Department: https://www.espoo.fi/en/unit/21969; Urban Environment Customer Service: https://www.espoo.fi/en/unit/63749";13.10.2025;Service for obtaining a building permit in Espoo for construction outside the town plan, including evaluation of placement (area-use) and implementation (technical) preconditions, with options for placement and deviation permits and electronic or paper application submissions.
eVaka e-service for early childhood education;https://www.espoo.fi/en/childcare-and-education/early-childhood-education/evaka-e-service-early-childhood-education;eVaka is a client and information system used by the City of Espoo's early childhood education units. Through eVaka, guardians can apply for places in early childhood education, pre-primary education, and early childhood education's clubs. Guardians and the staff in early childhood education can use the system to communicate and stay in touch securely. In eVaka's calendar, guardians can also schedule their child's attendance times and report absences.;eVaka is a client and information system used by the City of Espoo's early childhood education units.;N/A;13.10.2025;eVaka is an online client and information system for Espoo's early childhood education that enables guardians to apply for placements in early childhood, pre-primary education, and clubs, communicate securely with staff, and manage attendance and absences.
